order_id,order_date,region,category,product_name,customer_segment,payment_mode,units_sold,unit_price,revenue,month,quarter
ORD10847,2025-07-07,East,Beauty,Shampoo 340Ml,Online,Net Banking,12.0,890.76,10689.12,2025-07,2025Q3
ORD10827,2025-08-02,North,Electronics,Bluetooth Speaker,Wholesale,Cash,12.0,2833.95,34007.4,2025-08,2025Q3
ORD10514,2025-08-01,East,Beauty,Face Wash,Unknown,Unknown,22.0,656.065,14433.43,2025-08,2025Q3
ORD10725,2025-05-02,East,Grocery,Cooking Oil 1L,Wholesale,Debit Card,18.0,281.13,5060.34,2025-05,2025Q2
ORD10478,2025-02-01,North,Grocery,Cooking Oil 1L,Online,Debit Card,35.0,128.91,4511.85,2025-02,2025Q1
ORD10531,2025-07-01,East,Fashion,Formal Shirt,Online,Credit Card,31.0,1646.65,51046.15,2025-07,2025Q3
ORD10412,2025-11-18,Central,Home & Kitchen,Electric Kettle,Online,Cash,34.0,1130.61,38440.74,2025-11,2025Q4
ORD10088,2025-10-15,South,Home & Kitchen,Led Lamp,Wholesale,Credit Card,3.0,1752.43,5257.29,2025-10,2025Q4
ORD10972,2025-05-26,North,Electronics,Smart Watch,Retail,Debit Card,31.0,2694.17,83519.27,2025-05,2025Q2
ORD10481,2025-12-02,East,Beauty,Shampoo 340Ml,Online,Debit Card,10.0,999.23,9992.3,2025-12,2025Q4
ORD10033,2025-12-04,Central,Home & Kitchen,Mixer Grinder,Retail,Cash,33.0,447.0,14751.0,2025-12,2025Q4
ORD11006,2025-12-28,East,Beauty,Face Wash,Wholesale,Net Banking,20.0,1158.23,23164.6,2025-12,2025Q4
ORD10588,2025-12-05,North,Grocery,Green Tea Pack,Wholesale,Debit Card,38.0,350.61,13323.18,2025-12,2025Q4
ORD11039,2025-07-22,South,Electronics,Wireless Earbuds,Wholesale,Credit Card,6.0,4128.52,24771.12,2025-07,2025Q3
ORD10406,2025-07-13,North,Electronics,Smart Watch,Wholesale,Debit Card,19.0,1542.41,29305.79,2025-07,2025Q3
ORD10859,2025-08-07,Central,Beauty,Shampoo 340Ml,Wholesale,Cash,24.0,1152.4,27657.6,2025-08,2025Q3
ORD10399,2025-06-22,East,Grocery,Spice Combo,Online,Cash,5.0,739.48,3697.4,2025-06,2025Q2
ORD10105,2025-03-08,South,Electronics,Usb-C Cable,Online,Cash,22.0,2971.31,65368.82,2025-03,2025Q1
ORD10512,2025-07-15,East,Grocery,Atta 10Kg,Wholesale,Upi,21.0,699.17,14682.57,2025-07,2025Q3
ORD10610,2025-01-26,West,Beauty,Sunscreen Spf50,Wholesale,Debit Card,18.0,498.72,8976.96,2025-01,2025Q1
ORD10394,2025-02-20,Central,Home & Kitchen,Non-Stick Pan,Wholesale,Cash,21.0,2912.69,61166.49,2025-02,2025Q1
ORD10196,2025-07-14,West,Electronics,Power Bank,Retail,Net Banking,16.0,3972.23,63555.68,2025-07,2025Q3
ORD11031,2025-07-14,East,Home & Kitchen,Non-Stick Pan,Retail,Net Banking,36.0,2883.46,103804.56,2025-07,2025Q3
ORD10222,2025-08-17,West,Beauty,Face Wash,Retail,Debit Card,10.0,227.17,2271.7,2025-08,2025Q3
ORD10012,2025-10-16,South,Fashion,Backpack,Online,Credit Card,28.0,1939.9,54317.2,2025-10,2025Q4
ORD10411,2025-01-16,South,Home & Kitchen,Non-Stick Pan,Wholesale,Cash,16.0,1643.48,26295.68,2025-01,2025Q1
ORD11167,2025-01-23,West,Beauty,Shampoo 340Ml,Online,Cash,3.0,1169.2,3507.6,2025-01,2025Q1
ORD10152,2025-02-03,North,Electronics,Usb-C Cable,Wholesale,Credit Card,12.0,1563.76,18765.12,2025-02,2025Q1
ORD10429,2025-06-22,North,Beauty,Sunscreen Spf50,Online,Cash,18.0,923.95,16631.1,2025-06,2025Q2
ORD11158,2025-02-12,Central,Fashion,Running Shoes,Wholesale,Upi,35.0,1242.96,43503.6,2025-02,2025Q1
ORD10187,2025-06-09,South,Fashion,Backpack,Wholesale,Net Banking,29.0,791.51,22953.79,2025-06,2025Q2
ORD10686,2025-03-09,West,Fashion,Denim Jeans,Retail,Credit Card,29.0,429.41,12452.89,2025-03,2025Q1
ORD10614,2025-08-27,West,Grocery,Green Tea Pack,Wholesale,Cash,26.0,251.2,6531.2,2025-08,2025Q3
ORD10470,2025-01-30,East,Beauty,Face Wash,Online,Upi,36.0,1184.1,42627.6,2025-01,2025Q1
ORD10603,2025-03-14,North,Fashion,Denim Jeans,Unknown,Unknown,28.0,1105.165,30944.62,2025-03,2025Q1
ORD10178,2025-08-04,Central,Fashion,Running Shoes,Retail,Upi,9.0,2000.35,18003.15,2025-08,2025Q3
ORD10208,2025-11-01,East,Fashion,Backpack,Online,Upi,6.0,1471.55,8829.3,2025-11,2025Q4
ORD10229,2025-08-04,South,Fashion,Running Shoes,Retail,Credit Card,29.0,1949.04,56522.16,2025-08,2025Q3
ORD10015,2025-01-05,North,Home & Kitchen,Mixer Grinder,Online,Credit Card,13.0,924.47,12018.11,2025-01,2025Q1
ORD11176,2025-08-15,Central,Fashion,Cotton T-Shirt,Online,Cash,3.0,1068.94,3206.82,2025-08,2025Q3
ORD10405,2025-07-08,East,Home & Kitchen,Storage Rack,Online,Credit Card,21.0,1332.66,27985.86,2025-07,2025Q3
ORD10292,2025-08-16,East,Fashion,Formal Shirt,Online,Debit Card,28.0,974.2,27277.6,2025-08,2025Q3
ORD10071,2025-08-05,West,Beauty,Lip Balm,Wholesale,Cash,31.0,655.75,20328.25,2025-08,2025Q3
ORD11090,2025-04-20,West,Fashion,Formal Shirt,Online,Cash,38.0,1082.7,41142.6,2025-04,2025Q2
ORD10434,2025-07-07,West,Home & Kitchen,Non-Stick Pan,Online,Cash,16.0,2409.6,38553.6,2025-07,2025Q3
ORD10510,2025-08-30,Central,Electronics,Wireless Earbuds,Retail,Net Banking,10.0,4287.37,42873.7,2025-08,2025Q3
ORD10462,2025-11-08,East,Fashion,Backpack,Wholesale,Debit Card,19.0,573.25,10891.75,2025-11,2025Q4
ORD10658,2025-04-05,Central,Home & Kitchen,Storage Rack,Online,Upi,8.0,646.91,5175.28,2025-04,2025Q2
ORD10502,2025-10-17,South,Fashion,Backpack,Online,Credit Card,33.0,1578.46,52089.18,2025-10,2025Q4
ORD10037,2025-02-18,West,Electronics,Power Bank,Wholesale,Net Banking,6.0,2169.59,13017.54,2025-02,2025Q1
ORD10590,2025-11-04,North,Home & Kitchen,Non-Stick Pan,Online,Cash,19.0,1210.89,23006.91,2025-11,2025Q4
ORD10761,2025-11-22,North,Electronics,Power Bank,Wholesale,Net Banking,6.0,3734.58,22407.48,2025-11,2025Q4
ORD10186,2025-05-13,South,Fashion,Backpack,Retail,Debit Card,31.0,1869.05,57940.55,2025-05,2025Q2
ORD10600,2025-04-22,East,Grocery,Atta 10Kg,Wholesale,Net Banking,28.0,800.96,22426.88,2025-04,2025Q2
ORD10098,2025-12-12,South,Home & Kitchen,Non-Stick Pan,Retail,Debit Card,9.0,639.96,5759.64,2025-12,2025Q4
ORD10157,2025-11-06,North,Home & Kitchen,Storage Rack,Unknown,Unknown,19.5,1584.47,30897.16,2025-11,2025Q4
ORD10330,2025-01-17,North,Home & Kitchen,Electric Kettle,Wholesale,Net Banking,5.0,2858.82,14294.1,2025-01,2025Q1
ORD10141,2025-06-11,West,Grocery,Basmati Rice 5Kg,Wholesale,Net Banking,8.0,141.13,1129.04,2025-06,2025Q2
ORD10182,2025-02-06,West,Grocery,Spice Combo,Retail,Net Banking,17.0,167.98,2855.66,2025-02,2025Q1
ORD11130,2025-05-29,East,Fashion,Denim Jeans,Wholesale,Net Banking,28.0,1539.94,43118.32,2025-05,2025Q2
ORD10529,2025-04-26,Central,Electronics,Wireless Earbuds,Wholesale,Credit Card,13.0,3774.11,49063.43,2025-04,2025Q2
ORD10073,2025-05-06,West,Home & Kitchen,Led Lamp,Retail,Upi,39.0,2339.72,91249.08,2025-05,2025Q2
ORD10150,2025-12-25,West,Electronics,Smart Watch,Wholesale,Credit Card,29.0,1435.21,41621.09,2025-12,2025Q4
ORD10219,2025-01-18,East,Beauty,Face Wash,Wholesale,Cash,30.0,338.67,10160.1,2025-01,2025Q1
ORD10148,2025-12-08,South,Grocery,Basmati Rice 5Kg,Wholesale,Debit Card,23.0,743.89,17109.47,2025-12,2025Q4
ORD10458,2025-04-01,South,Home & Kitchen,Non-Stick Pan,Retail,Cash,29.0,1866.59,54131.11,2025-04,2025Q2
ORD10867,2025-08-25,North,Beauty,Sunscreen Spf50,Online,Cash,34.0,421.01,14314.34,2025-08,2025Q3
ORD10545,2025-10-03,Central,Grocery,Green Tea Pack,Online,Debit Card,32.0,645.92,20669.44,2025-10,2025Q4
ORD10154,2025-11-05,North,Home & Kitchen,Storage Rack,Wholesale,Net Banking,28.0,2404.37,67322.36,2025-11,2025Q4
ORD10605,2025-08-11,South,Home & Kitchen,Storage Rack,Online,Cash,25.0,2199.23,54980.75,2025-08,2025Q3
ORD10565,2025-02-25,West,Grocery,Cooking Oil 1L,Retail,Cash,13.0,168.8,2194.4,2025-02,2025Q1
ORD11149,2025-06-09,East,Home & Kitchen,Electric Kettle,Retail,Debit Card,29.0,2912.19,84453.51,2025-06,2025Q2
ORD10666,2025-01-11,East,Home & Kitchen,Mixer Grinder,Wholesale,Cash,38.0,2097.67,79711.46,2025-01,2025Q1
ORD10454,2025-06-05,Central,Home & Kitchen,Mixer Grinder,Wholesale,Cash,2.0,1738.18,3476.36,2025-06,2025Q2
ORD10818,2025-04-15,South,Beauty,Shampoo 340Ml,Online,Upi,15.0,925.47,13882.05,2025-04,2025Q2
ORD10179,2025-12-23,North,Home & Kitchen,Mixer Grinder,Online,Debit Card,28.0,1639.36,45902.08,2025-12,2025Q4
ORD10223,2025-09-27,South,Home & Kitchen,Storage Rack,Wholesale,Upi,1.0,1568.53,1568.53,2025-09,2025Q3
ORD10109,2025-02-05,West,Home & Kitchen,Led Lamp,Online,Cash,15.0,2524.39,37865.85,2025-02,2025Q1
ORD10378,2025-06-04,Central,Beauty,Sunscreen Spf50,Wholesale,Debit Card,16.0,1190.83,19053.28,2025-06,2025Q2
ORD11062,2025-07-20,North,Grocery,Green Tea Pack,Online,Net Banking,10.0,895.76,8957.6,2025-07,2025Q3
ORD10690,2025-09-28,East,Beauty,Shampoo 340Ml,Online,Credit Card,28.0,406.37,11378.36,2025-09,2025Q3
ORD10619,2025-01-06,South,Home & Kitchen,Electric Kettle,Unknown,Unknown,19.5,1880.66,36672.87,2025-01,2025Q1
ORD10720,2025-04-21,Central,Home & Kitchen,Storage Rack,Wholesale,Net Banking,10.0,941.84,9418.4,2025-04,2025Q2
ORD11111,2025-11-24,North,Beauty,Hair Serum,Online,Debit Card,23.0,436.43,10037.89,2025-11,2025Q4
ORD10541,2025-10-05,West,Home & Kitchen,Storage Rack,Online,Cash,37.0,2344.38,86742.06,2025-10,2025Q4
ORD10387,2025-04-26,West,Grocery,Basmati Rice 5Kg,Retail,Net Banking,5.0,298.22,1491.1,2025-04,2025Q2
ORD10630,2025-11-11,West,Fashion,Running Shoes,Retail,Debit Card,17.0,721.39,12263.63,2025-11,2025Q4
ORD10000,2025-04-13,East,Grocery,Spice Combo,Retail,Net Banking,39.0,467.75,18242.25,2025-04,2025Q2
ORD10093,2025-05-18,North,Electronics,Bluetooth Speaker,Retail,Credit Card,6.0,2622.69,15736.14,2025-05,2025Q2
ORD10487,2025-07-01,West,Fashion,Backpack,Retail,Credit Card,10.0,2037.99,20379.9,2025-07,2025Q3
ORD10059,2025-03-31,North,Home & Kitchen,Mixer Grinder,Online,Cash,11.0,2681.43,29495.73,2025-03,2025Q1
ORD10838,2025-10-04,Central,Home & Kitchen,Non-Stick Pan,Online,Upi,1.0,1927.83,1927.83,2025-10,2025Q4
ORD10386,2025-05-06,North,Fashion,Cotton T-Shirt,Wholesale,Net Banking,8.0,992.73,7941.84,2025-05,2025Q2
ORD10264,2025-05-24,East,Beauty,Lip Balm,Wholesale,Net Banking,20.0,1123.35,22467.0,2025-05,2025Q2
ORD10493,2025-11-05,East,Home & Kitchen,Mixer Grinder,Wholesale,Upi,33.0,2147.35,70862.55,2025-11,2025Q4
ORD11177,2025-03-02,North,Fashion,Cotton T-Shirt,Retail,Debit Card,14.0,2012.75,28178.5,2025-03,2025Q1
ORD10519,2025-04-25,North,Grocery,Cooking Oil 1L,Wholesale,Cash,11.0,311.37,3425.07,2025-04,2025Q2
ORD10904,2025-12-02,North,Grocery,Green Tea Pack,Online,Upi,37.0,263.07,9733.59,2025-12,2025Q4
ORD11182,2025-03-02,Central,Grocery,Spice Combo,Online,Cash,18.0,285.93,5146.74,2025-03,2025Q1
ORD10302,2025-07-10,West,Fashion,Backpack,Online,Upi,37.0,604.14,22353.18,2025-07,2025Q3
ORD10375,2025-04-23,South,Electronics,Power Bank,Online,Upi,39.0,2326.9,90749.1,2025-04,2025Q2
ORD11093,2025-03-18,West,Beauty,Sunscreen Spf50,Retail,Credit Card,10.0,945.05,9450.5,2025-03,2025Q1
ORD10522,2025-09-03,Central,Electronics,Bluetooth Speaker,Online,Net Banking,29.0,2424.65,70314.85,2025-09,2025Q3
ORD10837,2025-08-07,West,Beauty,Lip Balm,Wholesale,Upi,28.0,425.86,11924.08,2025-08,2025Q3
ORD10058,2025-09-10,East,Fashion,Denim Jeans,Online,Upi,26.0,906.05,23557.3,2025-09,2025Q3
ORD10669,2025-09-26,North,Electronics,Usb-C Cable,Wholesale,Cash,11.0,4243.38,46677.18,2025-09,2025Q3
ORD10460,2025-04-26,East,Home & Kitchen,Mixer Grinder,Retail,Upi,5.0,493.65,2468.25,2025-04,2025Q2
ORD10268,2025-11-27,South,Fashion,Formal Shirt,Wholesale,Debit Card,22.0,1244.23,27373.06,2025-11,2025Q4
ORD10031,2025-07-27,North,Fashion,Formal Shirt,Online,Upi,8.0,1792.15,14337.2,2025-07,2025Q3
ORD10808,2025-12-05,South,Beauty,Shampoo 340Ml,Online,Credit Card,12.0,1101.55,13218.6,2025-12,2025Q4
ORD10176,2025-08-29,Central,Home & Kitchen,Mixer Grinder,Retail,Upi,9.0,2812.16,25309.44,2025-08,2025Q3
ORD10953,2025-01-29,North,Beauty,Face Wash,Retail,Net Banking,17.0,648.27,11020.59,2025-01,2025Q1
ORD10257,2025-10-07,West,Grocery,Green Tea Pack,Wholesale,Credit Card,32.0,333.85,10683.2,2025-10,2025Q4
ORD10534,2025-11-14,North,Home & Kitchen,Led Lamp,Online,Net Banking,19.0,2013.23,38251.37,2025-11,2025Q4
ORD10885,2025-01-21,West,Fashion,Backpack,Wholesale,Credit Card,29.0,1338.31,38810.99,2025-01,2025Q1
ORD11139,2025-10-07,South,Beauty,Face Wash,Retail,Credit Card,16.0,226.8,3628.8,2025-10,2025Q4
ORD10701,2025-04-24,East,Electronics,Smart Watch,Online,Net Banking,26.0,4034.94,104908.44,2025-04,2025Q2
ORD10056,2025-12-06,East,Grocery,Cooking Oil 1L,Retail,Upi,37.0,608.23,22504.51,2025-12,2025Q4
ORD10336,2025-10-06,South,Electronics,Smart Watch,Online,Debit Card,5.0,4368.56,21842.8,2025-10,2025Q4
ORD11049,2025-08-01,Central,Grocery,Spice Combo,Online,Cash,22.0,427.75,9410.5,2025-08,2025Q3
ORD10221,2025-03-25,East,Home & Kitchen,Non-Stick Pan,Retail,Upi,28.0,1071.15,29992.2,2025-03,2025Q1
ORD10011,2025-03-06,North,Electronics,Wireless Earbuds,Online,Debit Card,17.0,3431.97,58343.49,2025-03,2025Q1
ORD10480,2025-12-05,North,Electronics,Wireless Earbuds,Online,Net Banking,1.0,1942.69,1942.69,2025-12,2025Q4
ORD10659,2025-07-31,East,Grocery,Green Tea Pack,Retail,Credit Card,16.0,896.54,14344.64,2025-07,2025Q3
ORD10515,2025-04-28,North,Beauty,Sunscreen Spf50,Online,Debit Card,30.0,611.17,18335.1,2025-04,2025Q2
ORD10488,2025-08-06,North,Beauty,Sunscreen Spf50,Wholesale,Credit Card,5.0,1177.91,5889.55,2025-08,2025Q3
ORD10581,2025-06-20,North,Beauty,Hair Serum,Online,Cash,15.0,1106.14,16592.1,2025-06,2025Q2
ORD10169,2025-09-08,South,Beauty,Hair Serum,Online,Debit Card,39.0,159.96,6238.44,2025-09,2025Q3
ORD10239,2025-05-23,West,Beauty,Shampoo 340Ml,Retail,Upi,33.0,399.42,13180.86,2025-05,2025Q2
ORD11035,2025-10-02,West,Electronics,Bluetooth Speaker,Wholesale,Credit Card,22.0,2318.12,50998.64,2025-10,2025Q4
ORD10765,2025-04-07,East,Electronics,Wireless Earbuds,Wholesale,Credit Card,7.0,3835.2,26846.4,2025-04,2025Q2
ORD10241,2025-01-03,South,Beauty,Sunscreen Spf50,Wholesale,Cash,29.0,508.31,14740.99,2025-01,2025Q1
ORD10055,2025-09-14,West,Beauty,Hair Serum,Online,Credit Card,28.0,765.06,21421.68,2025-09,2025Q3
ORD11016,2025-02-14,East,Grocery,Green Tea Pack,Wholesale,Debit Card,36.0,686.52,24714.72,2025-02,2025Q1
ORD10902,2025-06-13,West,Grocery,Atta 10Kg,Retail,Credit Card,16.0,631.54,10104.64,2025-06,2025Q2
ORD10772,2025-11-14,North,Electronics,Power Bank,Retail,Net Banking,30.0,1561.44,46843.2,2025-11,2025Q4
ORD11131,2025-03-23,South,Grocery,Atta 10Kg,Retail,Upi,4.0,439.46,1757.84,2025-03,2025Q1
ORD11104,2025-05-11,North,Electronics,Bluetooth Speaker,Online,Credit Card,2.0,3423.77,6847.54,2025-05,2025Q2
ORD10407,2025-10-09,North,Electronics,Smart Watch,Retail,Net Banking,1.0,1055.41,1055.41,2025-10,2025Q4
ORD10517,2025-04-22,Central,Beauty,Face Wash,Wholesale,Net Banking,6.0,978.9,5873.4,2025-04,2025Q2
ORD10999,2025-05-08,South,Fashion,Denim Jeans,Retail,Upi,34.0,2095.53,71248.02,2025-05,2025Q2
ORD10672,2025-09-27,North,Fashion,Formal Shirt,Online,Cash,29.0,1958.04,56783.16,2025-09,2025Q3
ORD10831,2025-04-27,South,Grocery,Green Tea Pack,Wholesale,Net Banking,10.0,476.25,4762.5,2025-04,2025Q2
ORD10308,2025-11-08,South,Fashion,Backpack,Online,Net Banking,4.0,1671.93,6687.72,2025-11,2025Q4
ORD10260,2025-01-27,East,Beauty,Sunscreen Spf50,Wholesale,Cash,3.0,349.84,1049.52,2025-01,2025Q1
ORD10243,2025-12-09,East,Home & Kitchen,Led Lamp,Online,Net Banking,21.0,909.02,19089.42,2025-12,2025Q4
ORD10278,2025-03-24,Central,Electronics,Smart Watch,Retail,Cash,7.0,3361.0,23527.0,2025-03,2025Q1
ORD11097,2025-11-28,North,Home & Kitchen,Led Lamp,Retail,Cash,38.0,2070.83,78691.54,2025-11,2025Q4
ORD10663,2025-06-22,Central,Fashion,Backpack,Retail,Cash,22.0,741.83,16320.26,2025-06,2025Q2
ORD10165,2025-04-27,South,Electronics,Smart Watch,Online,Net Banking,18.0,3556.74,64021.32,2025-04,2025Q2
ORD11159,2025-12-02,North,Beauty,Sunscreen Spf50,Online,Credit Card,17.0,1143.06,19432.02,2025-12,2025Q4
ORD10801,2025-06-29,South,Home & Kitchen,Electric Kettle,Retail,Debit Card,23.0,494.8,11380.4,2025-06,2025Q2
ORD10996,2025-04-28,South,Grocery,Spice Combo,Wholesale,Upi,4.0,822.24,3288.96,2025-04,2025Q2
ORD10853,2025-01-01,South,Electronics,Power Bank,Retail,Cash,38.0,3626.27,137798.26,2025-01,2025Q1
ORD11056,2025-02-22,West,Fashion,Formal Shirt,Retail,Cash,9.0,740.95,6668.55,2025-02,2025Q1
ORD10626,2025-01-25,South,Fashion,Formal Shirt,Wholesale,Debit Card,11.0,345.04,3795.44,2025-01,2025Q1
ORD10371,2025-02-15,West,Beauty,Face Wash,Online,Cash,8.0,1102.99,8823.92,2025-02,2025Q1
ORD10830,2025-02-14,West,Home & Kitchen,Led Lamp,Online,Net Banking,7.0,424.81,2973.67,2025-02,2025Q1
ORD10343,2025-05-11,North,Electronics,Power Bank,Unknown,Unknown,19.0,2606.75,49528.25,2025-05,2025Q2
ORD10843,2025-03-04,North,Grocery,Green Tea Pack,Retail,Credit Card,7.0,535.99,3751.93,2025-03,2025Q1
ORD11061,2025-03-30,Central,Beauty,Sunscreen Spf50,Online,Credit Card,33.0,952.46,31431.18,2025-03,2025Q1
ORD10539,2025-12-12,North,Home & Kitchen,Non-Stick Pan,Online,Debit Card,38.0,2345.41,89125.58,2025-12,2025Q4
ORD10711,2025-04-02,North,Electronics,Power Bank,Wholesale,Upi,6.0,4159.66,24957.96,2025-04,2025Q2
ORD10014,2025-08-02,North,Fashion,Running Shoes,Online,Net Banking,14.0,1912.94,26781.16,2025-08,2025Q3
ORD11036,2025-04-01,Central,Beauty,Face Wash,Wholesale,Net Banking,27.0,524.06,14149.62,2025-04,2025Q2
ORD11073,2025-01-10,East,Beauty,Hair Serum,Wholesale,Net Banking,6.0,204.68,1228.08,2025-01,2025Q1
ORD10080,2025-05-25,Central,Electronics,Wireless Earbuds,Retail,Cash,29.0,1292.78,37490.62,2025-05,2025Q2
ORD10835,2025-05-27,North,Grocery,Cooking Oil 1L,Retail,Upi,29.0,737.75,21394.75,2025-05,2025Q2
ORD11047,2025-03-23,South,Grocery,Basmati Rice 5Kg,Wholesale,Debit Card,26.0,236.83,6157.58,2025-03,2025Q1
ORD10908,2025-12-03,South,Beauty,Hair Serum,Retail,Upi,33.0,647.78,21376.74,2025-12,2025Q4
ORD10899,2025-01-02,West,Electronics,Power Bank,Wholesale,Net Banking,36.0,1503.84,54138.24,2025-01,2025Q1
ORD10498,2025-08-25,South,Home & Kitchen,Non-Stick Pan,Wholesale,Debit Card,35.0,2714.15,94995.25,2025-08,2025Q3
ORD10796,2025-04-22,South,Grocery,Spice Combo,Retail,Credit Card,21.0,747.99,15707.79,2025-04,2025Q2
ORD10926,2025-05-13,Central,Home & Kitchen,Led Lamp,Retail,Upi,26.0,1953.84,50799.84,2025-05,2025Q2
ORD10833,2025-05-08,North,Fashion,Backpack,Retail,Net Banking,30.0,374.79,11243.7,2025-05,2025Q2
ORD10563,2025-12-30,East,Home & Kitchen,Electric Kettle,Wholesale,Credit Card,32.0,835.48,26735.36,2025-12,2025Q4
ORD10985,2025-07-25,East,Electronics,Bluetooth Speaker,Wholesale,Debit Card,37.0,4406.61,163044.57,2025-07,2025Q3
ORD10741,2025-03-30,Central,Beauty,Lip Balm,Retail,Net Banking,22.0,355.5,7821.0,2025-03,2025Q1
ORD10702,2025-02-14,North,Grocery,Basmati Rice 5Kg,Online,Debit Card,22.0,261.1,5744.2,2025-02,2025Q1
ORD10401,2025-04-18,South,Grocery,Atta 10Kg,Wholesale,Debit Card,33.0,558.92,18444.36,2025-04,2025Q2
ORD10734,2025-08-07,East,Grocery,Basmati Rice 5Kg,Online,Credit Card,33.0,267.57,8829.81,2025-08,2025Q3
ORD10879,2025-07-29,South,Grocery,Spice Combo,Retail,Upi,2.0,481.63,963.26,2025-07,2025Q3
ORD10794,2025-11-26,East,Home & Kitchen,Storage Rack,Online,Upi,12.0,1673.44,20081.28,2025-11,2025Q4
ORD11095,2025-02-02,East,Electronics,Usb-C Cable,Online,Credit Card,17.0,2552.96,43400.32,2025-02,2025Q1
ORD10525,2025-07-26,East,Beauty,Hair Serum,Wholesale,Cash,16.0,160.48,2567.68,2025-07,2025Q3
ORD10363,2025-01-21,North,Fashion,Formal Shirt,Retail,Debit Card,4.0,1585.21,6340.84,2025-01,2025Q1
ORD11142,2025-08-10,North,Fashion,Denim Jeans,Unknown,Unknown,1.0,1105.165,1105.16,2025-08,2025Q3
ORD10137,2025-07-08,Central,Electronics,Wireless Earbuds,Wholesale,Debit Card,19.0,2092.73,39761.87,2025-07,2025Q3
ORD10945,2025-06-29,Central,Beauty,Hair Serum,Online,Net Banking,38.0,850.7,32326.6,2025-06,2025Q2
ORD10384,2025-10-17,West,Grocery,Spice Combo,Retail,Upi,1.0,858.38,858.38,2025-10,2025Q4
ORD10689,2025-05-30,South,Beauty,Hair Serum,Retail,Debit Card,10.0,720.15,7201.5,2025-05,2025Q2
ORD10792,2025-05-25,North,Fashion,Running Shoes,Online,Cash,13.0,1644.11,21373.43,2025-05,2025Q2
ORD10751,2025-05-26,North,Home & Kitchen,Electric Kettle,Wholesale,Upi,29.0,2236.57,64860.53,2025-05,2025Q2
ORD10597,2025-05-09,East,Electronics,Bluetooth Speaker,Wholesale,Net Banking,25.0,3993.6,99840.0,2025-05,2025Q2
ORD11110,2025-05-06,East,Home & Kitchen,Non-Stick Pan,Retail,Upi,17.0,1666.41,28328.97,2025-05,2025Q2
ORD10115,2025-11-25,East,Electronics,Wireless Earbuds,Online,Debit Card,30.0,1194.79,35843.7,2025-11,2025Q4
ORD10439,2025-06-06,West,Home & Kitchen,Electric Kettle,Retail,Cash,23.0,2146.27,49364.21,2025-06,2025Q2
ORD10670,2025-01-07,West,Home & Kitchen,Mixer Grinder,Wholesale,Upi,23.0,2454.04,56442.92,2025-01,2025Q1
ORD10022,2025-08-21,North,Grocery,Basmati Rice 5Kg,Wholesale,Cash,12.0,316.39,3796.68,2025-08,2025Q3
ORD10895,2025-02-04,East,Grocery,Atta 10Kg,Retail,Debit Card,15.0,242.27,3634.05,2025-02,2025Q1
ORD11146,2025-03-01,North,Beauty,Face Wash,Online,Upi,38.0,202.98,7713.24,2025-03,2025Q1
ORD10715,2025-08-14,East,Beauty,Shampoo 340Ml,Retail,Debit Card,9.0,750.73,6756.57,2025-08,2025Q3
ORD10989,2025-10-15,North,Beauty,Face Wash,Wholesale,Credit Card,9.0,299.92,2699.28,2025-10,2025Q4
ORD10712,2025-02-07,South,Beauty,Shampoo 340Ml,Online,Net Banking,35.0,213.95,7488.25,2025-02,2025Q1
ORD10910,2025-04-30,Central,Home & Kitchen,Storage Rack,Wholesale,Credit Card,39.0,1011.08,39432.12,2025-04,2025Q2
ORD10400,2025-01-20,West,Electronics,Bluetooth Speaker,Wholesale,Upi,19.0,2697.74,51257.06,2025-01,2025Q1
ORD10591,2025-12-21,North,Fashion,Formal Shirt,Wholesale,Credit Card,33.0,2077.42,68554.86,2025-12,2025Q4
ORD10225,2025-06-24,Central,Beauty,Lip Balm,Retail,Upi,28.0,1057.43,29608.04,2025-06,2025Q2
ORD10427,2025-12-27,Central,Grocery,Basmati Rice 5Kg,Unknown,Unknown,13.0,445.09000000000003,5786.17,2025-12,2025Q4
ORD10024,2025-02-23,North,Beauty,Face Wash,Online,Credit Card,26.0,1184.93,30808.18,2025-02,2025Q1
ORD10004,2025-09-28,West,Fashion,Formal Shirt,Retail,Debit Card,37.0,1454.34,53810.58,2025-09,2025Q3
ORD10995,2025-08-21,West,Fashion,Running Shoes,Wholesale,Upi,25.0,1662.64,41566.0,2025-08,2025Q3
ORD11132,2025-03-02,West,Fashion,Backpack,Wholesale,Upi,31.0,1195.6,37063.6,2025-03,2025Q1
ORD10276,2025-02-12,East,Home & Kitchen,Led Lamp,Online,Debit Card,5.0,2429.98,12149.9,2025-02,2025Q1
ORD11025,2025-07-15,South,Fashion,Backpack,Retail,Net Banking,37.0,2197.27,81298.99,2025-07,2025Q3
ORD10767,2025-07-28,East,Electronics,Bluetooth Speaker,Online,Credit Card,12.0,3023.5,36282.0,2025-07,2025Q3
ORD10359,2025-05-07,West,Beauty,Face Wash,Online,Debit Card,21.0,697.52,14647.92,2025-05,2025Q2
ORD10465,2025-11-20,Central,Home & Kitchen,Mixer Grinder,Retail,Debit Card,24.0,2549.54,61188.96,2025-11,2025Q4
ORD10726,2025-12-06,East,Beauty,Shampoo 340Ml,Online,Upi,4.0,984.81,3939.24,2025-12,2025Q4
ORD10199,2025-09-28,West,Grocery,Green Tea Pack,Wholesale,Upi,17.0,191.11,3248.87,2025-09,2025Q3
ORD10560,2025-08-27,North,Fashion,Backpack,Online,Debit Card,20.0,710.83,14216.6,2025-08,2025Q3
ORD10312,2025-01-24,East,Home & Kitchen,Electric Kettle,Online,Cash,19.0,1695.46,32213.74,2025-01,2025Q1
ORD10311,2025-01-04,Central,Beauty,Shampoo 340Ml,Wholesale,Cash,4.0,205.44,821.76,2025-01,2025Q1
ORD11187,2025-04-25,South,Home & Kitchen,Non-Stick Pan,Online,Credit Card,14.0,2452.39,34333.46,2025-04,2025Q2
ORD10263,2025-11-07,West,Home & Kitchen,Non-Stick Pan,Retail,Cash,8.0,2468.17,19745.36,2025-11,2025Q4
ORD10797,2025-08-24,North,Home & Kitchen,Led Lamp,Retail,Credit Card,38.0,2574.68,97837.84,2025-08,2025Q3
ORD10793,2025-03-26,South,Electronics,Power Bank,Retail,Debit Card,2.0,1249.24,2498.48,2025-03,2025Q1
ORD10136,2025-02-18,North,Electronics,Power Bank,Retail,Cash,22.0,1115.79,24547.38,2025-02,2025Q1
ORD11015,2025-07-31,West,Home & Kitchen,Non-Stick Pan,Wholesale,Upi,10.0,1665.55,16655.5,2025-07,2025Q3
ORD10998,2025-03-21,North,Beauty,Shampoo 340Ml,Wholesale,Net Banking,39.0,694.12,27070.68,2025-03,2025Q1
ORD11022,2025-01-11,East,Electronics,Power Bank,Online,Cash,36.0,2870.58,103340.88,2025-01,2025Q1
ORD10634,2025-10-12,West,Grocery,Basmati Rice 5Kg,Wholesale,Credit Card,5.0,765.34,3826.7,2025-10,2025Q4
ORD10232,2025-09-21,South,Beauty,Hair Serum,Retail,Credit Card,10.0,168.39,1683.9,2025-09,2025Q3
ORD10374,2025-11-20,South,Electronics,Power Bank,Retail,Debit Card,28.0,2833.46,79336.88,2025-11,2025Q4
ORD10729,2025-01-07,South,Fashion,Denim Jeans,Retail,Credit Card,23.0,1921.33,44190.59,2025-01,2025Q1
ORD11113,2025-07-26,Central,Home & Kitchen,Led Lamp,Online,Debit Card,8.0,1693.67,13549.36,2025-07,2025Q3
ORD11091,2025-02-17,West,Fashion,Backpack,Online,Net Banking,9.0,1026.25,9236.25,2025-02,2025Q1
ORD10163,2025-01-25,West,Home & Kitchen,Non-Stick Pan,Online,Debit Card,26.0,534.15,13887.9,2025-01,2025Q1
ORD11074,2025-01-20,Central,Electronics,Bluetooth Speaker,Retail,Cash,36.0,4250.26,153009.36,2025-01,2025Q1
ORD10948,2025-09-18,North,Home & Kitchen,Storage Rack,Online,Debit Card,20.0,1704.86,34097.2,2025-09,2025Q3
ORD10890,2025-02-27,North,Home & Kitchen,Non-Stick Pan,Retail,Debit Card,1.0,601.27,601.27,2025-02,2025Q1
ORD11004,2025-11-23,Central,Fashion,Backpack,Online,Credit Card,22.0,467.47,10284.34,2025-11,2025Q4
ORD10403,2025-04-02,Central,Fashion,Formal Shirt,Online,Upi,8.0,1922.53,15380.24,2025-04,2025Q2
ORD11101,2025-11-06,North,Grocery,Cooking Oil 1L,Wholesale,Debit Card,10.0,389.58,3895.8,2025-11,2025Q4
ORD10979,2025-12-20,Central,Home & Kitchen,Non-Stick Pan,Wholesale,Cash,39.0,1353.48,52785.72,2025-12,2025Q4
ORD10742,2025-09-29,North,Home & Kitchen,Electric Kettle,Online,Upi,16.0,1067.28,17076.48,2025-09,2025Q3
ORD11102,2025-04-21,North,Electronics,Smart Watch,Online,Debit Card,5.0,3637.04,18185.2,2025-04,2025Q2
ORD10812,2025-05-07,West,Grocery,Green Tea Pack,Retail,Upi,4.0,296.12,1184.48,2025-05,2025Q2
ORD10212,2025-03-28,North,Grocery,Spice Combo,Retail,Debit Card,19.0,881.17,16742.23,2025-03,2025Q1
ORD10584,2025-08-25,East,Electronics,Wireless Earbuds,Wholesale,Cash,1.0,3059.85,3059.85,2025-08,2025Q3
ORD10117,2025-03-17,North,Fashion,Running Shoes,Wholesale,Cash,29.0,565.57,16401.53,2025-03,2025Q1
ORD10122,2025-01-15,West,Beauty,Face Wash,Wholesale,Debit Card,36.0,1197.58,43112.88,2025-01,2025Q1
ORD10398,2025-05-25,East,Beauty,Lip Balm,Online,Debit Card,34.0,908.25,30880.5,2025-05,2025Q2
ORD11053,2025-05-18,West,Fashion,Denim Jeans,Online,Credit Card,30.0,839.37,25181.1,2025-05,2025Q2
ORD11118,2025-01-28,West,Electronics,Wireless Earbuds,Wholesale,Net Banking,29.0,961.55,27884.95,2025-01,2025Q1
ORD10894,2025-11-27,South,Grocery,Spice Combo,Unknown,Unknown,19.0,489.86,9307.34,2025-11,2025Q4
ORD10811,2025-11-26,North,Grocery,Spice Combo,Unknown,Unknown,15.0,489.86,7347.9,2025-11,2025Q4
ORD10273,2025-11-17,East,Beauty,Lip Balm,Online,Upi,6.0,303.69,1822.14,2025-11,2025Q4
ORD10960,2025-11-13,North,Fashion,Formal Shirt,Online,Upi,37.0,689.46,25510.02,2025-11,2025Q4
ORD10813,2025-01-26,Central,Beauty,Hair Serum,Retail,Net Banking,27.0,1039.63,28070.01,2025-01,2025Q1
ORD10889,2025-08-03,South,Beauty,Hair Serum,Online,Credit Card,36.0,447.99,16127.64,2025-08,2025Q3
ORD10294,2025-02-18,North,Grocery,Atta 10Kg,Retail,Upi,10.0,743.0,7430.0,2025-02,2025Q1
ORD10160,2025-05-11,West,Home & Kitchen,Storage Rack,Online,Credit Card,12.0,1338.53,16062.36,2025-05,2025Q2
ORD10435,2025-04-14,West,Grocery,Cooking Oil 1L,Online,Net Banking,30.0,406.83,12204.9,2025-04,2025Q2
ORD10288,2025-01-29,South,Electronics,Bluetooth Speaker,Unknown,Unknown,21.0,2697.74,56652.54,2025-01,2025Q1
ORD10432,2025-06-14,West,Home & Kitchen,Non-Stick Pan,Wholesale,Credit Card,35.0,1681.45,58850.75,2025-06,2025Q2
ORD10844,2025-02-05,North,Beauty,Lip Balm,Retail,Cash,4.0,783.41,3133.64,2025-02,2025Q1
ORD10113,2025-11-29,North,Fashion,Running Shoes,Wholesale,Credit Card,10.0,1342.35,13423.5,2025-11,2025Q4
ORD10923,2025-10-08,East,Fashion,Backpack,Online,Debit Card,23.0,2096.44,48218.12,2025-10,2025Q4
ORD10544,2025-03-18,East,Home & Kitchen,Electric Kettle,Retail,Net Banking,38.0,646.79,24578.02,2025-03,2025Q1
ORD11066,2025-03-03,West,Beauty,Sunscreen Spf50,Retail,Credit Card,36.0,268.48,9665.28,2025-03,2025Q1
ORD10719,2025-07-28,West,Fashion,Cotton T-Shirt,Retail,Net Banking,20.0,1834.66,36693.2,2025-07,2025Q3
ORD10911,2025-09-27,South,Fashion,Running Shoes,Wholesale,Credit Card,38.0,332.13,12620.94,2025-09,2025Q3
ORD10201,2025-06-30,East,Grocery,Cooking Oil 1L,Wholesale,Upi,30.0,211.5,6345.0,2025-06,2025Q2
ORD10798,2025-07-08,South,Grocery,Atta 10Kg,Online,Credit Card,6.0,551.2,3307.2,2025-07,2025Q3
ORD10078,2025-01-12,West,Home & Kitchen,Led Lamp,Retail,Credit Card,28.0,2081.81,58290.68,2025-01,2025Q1
ORD11000,2025-10-19,North,Electronics,Power Bank,Wholesale,Net Banking,31.0,2485.22,77041.82,2025-10,2025Q4
ORD10809,2025-04-18,Central,Grocery,Cooking Oil 1L,Retail,Cash,2.0,128.23,256.46,2025-04,2025Q2
ORD10368,2025-07-09,West,Fashion,Formal Shirt,Retail,Credit Card,39.0,1824.91,71171.49,2025-07,2025Q3
ORD10762,2025-02-14,Central,Electronics,Bluetooth Speaker,Online,Cash,27.0,2103.61,56797.47,2025-02,2025Q1
ORD10823,2025-03-10,North,Home & Kitchen,Electric Kettle,Online,Credit Card,17.0,1439.96,24479.32,2025-03,2025Q1
ORD10215,2025-04-03,North,Electronics,Power Bank,Wholesale,Net Banking,31.0,2338.86,72504.66,2025-04,2025Q2
ORD11168,2025-07-02,South,Electronics,Wireless Earbuds,Online,Net Banking,12.0,2709.7,32516.4,2025-07,2025Q3
ORD10687,2025-06-21,North,Home & Kitchen,Non-Stick Pan,Retail,Debit Card,16.0,2652.36,42437.76,2025-06,2025Q2
ORD10645,2025-11-01,West,Home & Kitchen,Led Lamp,Wholesale,Cash,25.0,447.8,11195.0,2025-11,2025Q4
ORD10850,2025-03-23,West,Grocery,Cooking Oil 1L,Wholesale,Cash,38.0,324.74,12340.12,2025-03,2025Q1
ORD10892,2025-03-23,Central,Home & Kitchen,Led Lamp,Online,Cash,1.0,449.84,449.84,2025-03,2025Q1
ORD10111,2025-06-22,South,Grocery,Spice Combo,Wholesale,Cash,19.0,275.62,5236.78,2025-06,2025Q2
ORD10799,2025-08-30,Central,Fashion,Denim Jeans,Wholesale,Net Banking,39.0,1218.65,47527.35,2025-08,2025Q3
ORD11136,2025-06-18,East,Fashion,Backpack,Online,Cash,39.0,1167.0,45513.0,2025-06,2025Q2
ORD10804,2025-01-30,South,Grocery,Spice Combo,Online,Cash,11.0,797.47,8772.17,2025-01,2025Q1
ORD10832,2025-10-24,South,Beauty,Hair Serum,Wholesale,Credit Card,38.0,519.48,19740.24,2025-10,2025Q4
ORD10943,2025-08-04,East,Electronics,Usb-C Cable,Online,Debit Card,23.0,1753.78,40336.94,2025-08,2025Q3
ORD10043,2025-05-22,West,Grocery,Green Tea Pack,Wholesale,Credit Card,32.0,571.06,18273.92,2025-05,2025Q2
ORD11092,2025-11-25,South,Beauty,Sunscreen Spf50,Retail,Cash,19.0,206.13,3916.47,2025-11,2025Q4
ORD10763,2025-02-05,North,Beauty,Shampoo 340Ml,Retail,Net Banking,2.0,951.69,1903.38,2025-02,2025Q1
ORD10615,2025-08-25,East,Home & Kitchen,Mixer Grinder,Online,Upi,39.0,973.16,37953.24,2025-08,2025Q3
ORD10840,2025-06-21,Central,Beauty,Sunscreen Spf50,Online,Debit Card,13.0,514.55,6689.15,2025-06,2025Q2
ORD11014,2025-02-03,North,Home & Kitchen,Electric Kettle,Wholesale,Upi,3.0,999.03,2997.09,2025-02,2025Q1
ORD10112,2025-01-20,North,Electronics,Power Bank,Wholesale,Net Banking,11.0,4248.45,46732.95,2025-01,2025Q1
ORD10716,2025-12-02,South,Grocery,Cooking Oil 1L,Retail,Net Banking,6.0,579.93,3479.58,2025-12,2025Q4
ORD10017,2025-05-23,West,Fashion,Backpack,Retail,Debit Card,22.0,1972.89,43403.58,2025-05,2025Q2
ORD10528,2025-01-30,East,Electronics,Bluetooth Speaker,Wholesale,Cash,36.0,3937.33,141743.88,2025-01,2025Q1
ORD10107,2025-10-09,East,Home & Kitchen,Mixer Grinder,Unknown,Unknown,33.0,1718.8899999999999,56723.37,2025-10,2025Q4
ORD11017,2025-06-09,East,Home & Kitchen,Mixer Grinder,Retail,Credit Card,36.0,1744.54,62803.44,2025-06,2025Q2
ORD10269,2025-12-08,West,Grocery,Spice Combo,Unknown,Unknown,19.0,489.86,9307.34,2025-12,2025Q4
ORD10396,2025-12-20,East,Fashion,Formal Shirt,Retail,Upi,35.0,1972.6,69041.0,2025-12,2025Q4
ORD10433,2025-04-21,West,Electronics,Power Bank,Retail,Debit Card,25.0,4364.95,109123.75,2025-04,2025Q2
ORD10040,2025-02-23,South,Home & Kitchen,Mixer Grinder,Online,Credit Card,27.0,1167.76,31529.52,2025-02,2025Q1
ORD11059,2025-07-11,Central,Home & Kitchen,Storage Rack,Retail,Credit Card,30.0,1632.67,48980.1,2025-07,2025Q3
ORD10092,2025-06-15,South,Electronics,Power Bank,Online,Upi,5.0,3746.95,18734.75,2025-06,2025Q2
ORD10486,2025-01-19,South,Beauty,Shampoo 340Ml,Wholesale,Cash,33.0,823.82,27186.06,2025-01,2025Q1
ORD10743,2025-05-10,South,Grocery,Spice Combo,Wholesale,Upi,39.0,779.61,30404.79,2025-05,2025Q2
ORD10079,2025-05-16,South,Home & Kitchen,Led Lamp,Retail,Upi,36.0,2964.15,106709.4,2025-05,2025Q2
ORD10766,2025-03-02,South,Grocery,Cooking Oil 1L,Wholesale,Cash,21.0,418.06,8779.26,2025-03,2025Q1
ORD10819,2025-09-18,East,Beauty,Shampoo 340Ml,Wholesale,Cash,4.0,1114.45,4457.8,2025-09,2025Q3
ORD10714,2025-06-02,West,Beauty,Face Wash,Wholesale,Debit Card,34.0,1085.19,36896.46,2025-06,2025Q2
ORD10390,2025-05-02,South,Beauty,Hair Serum,Retail,Debit Card,23.0,616.33,14175.59,2025-05,2025Q2
ORD10156,2025-01-29,East,Beauty,Shampoo 340Ml,Retail,Debit Card,39.0,790.92,30845.88,2025-01,2025Q1
ORD10681,2025-12-12,West,Home & Kitchen,Storage Rack,Wholesale,Debit Card,37.0,1498.91,55459.67,2025-12,2025Q4
ORD10087,2025-03-19,East,Electronics,Wireless Earbuds,Retail,Net Banking,4.0,1645.98,6583.92,2025-03,2025Q1
ORD10316,2025-09-17,West,Grocery,Green Tea Pack,Online,Upi,26.0,578.46,15039.96,2025-09,2025Q3
ORD10231,2025-10-28,South,Grocery,Cooking Oil 1L,Online,Credit Card,21.0,193.24,4058.04,2025-10,2025Q4
ORD10291,2025-04-19,North,Fashion,Running Shoes,Retail,Cash,21.0,1036.43,21765.03,2025-04,2025Q2
ORD10665,2025-01-20,West,Fashion,Running Shoes,Online,Debit Card,26.0,861.76,22405.76,2025-01,2025Q1
ORD10254,2025-06-10,Central,Beauty,Face Wash,Online,Debit Card,28.0,366.5,10262.0,2025-06,2025Q2
ORD10886,2025-09-28,Central,Home & Kitchen,Electric Kettle,Wholesale,Cash,20.0,892.55,17851.0,2025-09,2025Q3
ORD10897,2025-03-16,North,Home & Kitchen,Electric Kettle,Unknown,Credit Card,23.0,2565.89,59015.47,2025-03,2025Q1
ORD10357,2025-03-30,East,Fashion,Backpack,Retail,Debit Card,14.0,1712.07,23968.98,2025-03,2025Q1
ORD10438,2025-09-21,Central,Electronics,Wireless Earbuds,Wholesale,Debit Card,4.0,4127.98,16511.92,2025-09,2025Q3
ORD11108,2025-12-31,West,Grocery,Green Tea Pack,Wholesale,Credit Card,30.0,469.93,14097.9,2025-12,2025Q4
ORD10620,2025-04-22,South,Fashion,Running Shoes,Online,Debit Card,17.0,1623.72,27603.24,2025-04,2025Q2
ORD11124,2025-03-31,North,Home & Kitchen,Mixer Grinder,Retail,Upi,31.0,2139.54,66325.74,2025-03,2025Q1
ORD10557,2025-04-28,West,Grocery,Green Tea Pack,Wholesale,Net Banking,13.0,575.91,7486.83,2025-04,2025Q2
ORD11193,2025-08-16,Central,Electronics,Usb-C Cable,Retail,Upi,27.0,2679.22,72338.94,2025-08,2025Q3
ORD11088,2025-05-16,West,Fashion,Running Shoes,Online,Upi,36.0,1823.64,65651.04,2025-05,2025Q2
ORD10931,2025-02-20,Central,Home & Kitchen,Non-Stick Pan,Retail,Upi,10.0,2422.76,24227.6,2025-02,2025Q1
ORD10248,2025-06-08,Central,Electronics,Bluetooth Speaker,Wholesale,Cash,20.0,2589.12,51782.4,2025-06,2025Q2
ORD10132,2025-04-27,East,Home & Kitchen,Non-Stick Pan,Online,Cash,25.0,2645.15,66128.75,2025-04,2025Q2
ORD10190,2025-03-01,West,Beauty,Hair Serum,Unknown,Unknown,27.0,694.28,18745.56,2025-03,2025Q1
ORD10738,2025-03-20,North,Fashion,Backpack,Wholesale,Net Banking,32.0,2191.4,70124.8,2025-03,2025Q1
ORD10627,2025-08-02,South,Beauty,Face Wash,Retail,Credit Card,18.0,203.15,3656.7,2025-08,2025Q3
ORD10228,2025-02-28,North,Beauty,Face Wash,Online,Cash,20.0,1185.96,23719.2,2025-02,2025Q1
ORD10287,2025-04-23,North,Electronics,Wireless Earbuds,Retail,Upi,2.0,2419.13,4838.26,2025-04,2025Q2
ORD10937,2025-05-23,North,Grocery,Cooking Oil 1L,Online,Credit Card,32.0,386.42,12365.44,2025-05,2025Q2
ORD10694,2025-04-12,North,Home & Kitchen,Non-Stick Pan,Retail,Cash,1.0,1259.02,1259.02,2025-04,2025Q2
ORD10777,2025-06-03,South,Grocery,Basmati Rice 5Kg,Retail,Debit Card,2.0,835.43,1670.86,2025-06,2025Q2
ORD10851,2025-07-20,South,Fashion,Running Shoes,Retail,Cash,30.0,2001.56,60046.8,2025-07,2025Q3
ORD11180,2025-03-15,East,Electronics,Usb-C Cable,Online,Credit Card,34.0,3484.27,118465.18,2025-03,2025Q1
ORD10854,2025-12-25,South,Home & Kitchen,Electric Kettle,Unknown,Cash,17.0,1028.16,17478.72,2025-12,2025Q4
ORD10728,2025-08-20,West,Fashion,Denim Jeans,Online,Credit Card,17.0,874.69,14869.73,2025-08,2025Q3
ORD10102,2025-08-26,Central,Fashion,Formal Shirt,Wholesale,Credit Card,38.0,1311.97,49854.86,2025-08,2025Q3
ORD10306,2025-03-27,South,Home & Kitchen,Electric Kettle,Wholesale,Cash,17.0,428.68,7287.56,2025-03,2025Q1
ORD11077,2025-11-02,West,Beauty,Hair Serum,Wholesale,Net Banking,19.0,534.97,10164.43,2025-11,2025Q4
ORD11157,2025-10-19,East,Electronics,Usb-C Cable,Wholesale,Debit Card,38.0,2541.9,96592.2,2025-10,2025Q4
ORD10421,2025-04-10,Central,Home & Kitchen,Mixer Grinder,Online,Upi,6.0,1381.03,8286.18,2025-04,2025Q2
ORD10457,2025-11-23,West,Electronics,Smart Watch,Retail,Debit Card,35.0,4318.44,151145.4,2025-11,2025Q4
ORD10870,2025-02-18,South,Grocery,Basmati Rice 5Kg,Online,Net Banking,39.0,762.52,29738.28,2025-02,2025Q1
ORD10134,2025-12-30,North,Fashion,Running Shoes,Online,Cash,6.0,364.37,2186.22,2025-12,2025Q4
ORD10887,2025-02-06,West,Electronics,Usb-C Cable,Wholesale,Net Banking,33.0,2803.04,92500.32,2025-02,2025Q1
ORD11122,2025-11-20,Central,Electronics,Bluetooth Speaker,Online,Net Banking,22.0,4054.01,89188.22,2025-11,2025Q4
ORD11075,2025-10-08,West,Fashion,Cotton T-Shirt,Wholesale,Credit Card,10.0,2134.96,21349.6,2025-10,2025Q4
ORD10300,2025-09-15,West,Beauty,Hair Serum,Online,Credit Card,31.0,662.81,20547.11,2025-09,2025Q3
ORD10140,2025-11-15,Central,Grocery,Basmati Rice 5Kg,Online,Debit Card,32.0,332.4,10636.8,2025-11,2025Q4
ORD10477,2025-02-18,North,Grocery,Spice Combo,Retail,Debit Card,26.0,247.17,6426.42,2025-02,2025Q1
ORD10415,2025-12-03,West,Home & Kitchen,Electric Kettle,Unknown,Unknown,19.5,1880.66,36672.87,2025-12,2025Q4
ORD10168,2025-01-16,West,Beauty,Sunscreen Spf50,Wholesale,Credit Card,35.0,1063.6,37226.0,2025-01,2025Q1
ORD10226,2025-04-18,West,Fashion,Backpack,Wholesale,Credit Card,9.0,1309.22,11782.98,2025-04,2025Q2
ORD10523,2025-12-10,Central,Home & Kitchen,Non-Stick Pan,Retail,Credit Card,3.0,931.22,2793.66,2025-12,2025Q4
ORD10181,2025-09-18,South,Fashion,Running Shoes,Online,Debit Card,5.0,392.69,1963.45,2025-09,2025Q3
ORD10341,2025-09-03,West,Fashion,Cotton T-Shirt,Online,Upi,21.0,1677.85,35234.85,2025-09,2025Q3
ORD10002,2025-10-21,Central,Home & Kitchen,Led Lamp,Retail,Cash,22.0,418.37,9204.14,2025-10,2025Q4
ORD10315,2025-04-23,East,Fashion,Formal Shirt,Online,Debit Card,33.0,1100.37,36312.21,2025-04,2025Q2
ORD10381,2025-04-17,East,Home & Kitchen,Led Lamp,Retail,Upi,38.0,2451.36,93151.68,2025-04,2025Q2
ORD11116,2025-08-03,West,Grocery,Spice Combo,Wholesale,Cash,19.0,134.32,2552.08,2025-08,2025Q3
ORD10829,2025-06-05,North,Beauty,Hair Serum,Wholesale,Net Banking,13.0,833.37,10833.81,2025-06,2025Q2
ORD10758,2025-03-02,North,Home & Kitchen,Led Lamp,Wholesale,Debit Card,17.0,2531.02,43027.34,2025-03,2025Q1
ORD11198,2025-10-28,East,Home & Kitchen,Storage Rack,Retail,Upi,12.0,899.24,10790.88,2025-10,2025Q4
ORD10349,2025-09-05,West,Grocery,Basmati Rice 5Kg,Retail,Debit Card,4.0,795.78,3183.12,2025-09,2025Q3
ORD10280,2025-11-04,West,Beauty,Lip Balm,Wholesale,Credit Card,37.0,1080.93,39994.41,2025-11,2025Q4
ORD10651,2025-05-05,Central,Beauty,Sunscreen Spf50,Wholesale,Credit Card,12.0,308.22,3698.64,2025-05,2025Q2
ORD10636,2025-06-29,North,Grocery,Atta 10Kg,Online,Debit Card,19.0,625.52,11884.88,2025-06,2025Q2
ORD10313,2025-07-30,South,Beauty,Lip Balm,Wholesale,Net Banking,31.0,1016.39,31508.09,2025-07,2025Q3
ORD10162,2025-10-30,Central,Grocery,Green Tea Pack,Retail,Net Banking,16.0,782.37,12517.92,2025-10,2025Q4
ORD11151,2025-05-11,South,Fashion,Cotton T-Shirt,Retail,Credit Card,37.0,2137.04,79070.48,2025-05,2025Q2
ORD11134,2025-03-30,Central,Home & Kitchen,Non-Stick Pan,Online,Debit Card,4.0,740.81,2963.24,2025-03,2025Q1
ORD10707,2025-04-25,Central,Fashion,Running Shoes,Online,Credit Card,23.0,763.22,17554.06,2025-04,2025Q2
ORD10612,2025-04-10,West,Fashion,Denim Jeans,Retail,Net Banking,17.0,2008.59,34146.03,2025-04,2025Q2
ORD11196,2025-07-03,West,Electronics,Bluetooth Speaker,Online,Cash,16.0,3132.66,50122.56,2025-07,2025Q3
ORD10256,2025-10-18,East,Beauty,Sunscreen Spf50,Wholesale,Net Banking,39.0,910.74,35518.86,2025-10,2025Q4
ORD10063,2025-12-27,West,Electronics,Wireless Earbuds,Retail,Net Banking,19.0,2240.05,42560.95,2025-12,2025Q4
ORD10207,2025-03-18,South,Grocery,Cooking Oil 1L,Wholesale,Credit Card,15.0,276.12,4141.8,2025-03,2025Q1
ORD11076,2025-11-22,South,Home & Kitchen,Electric Kettle,Wholesale,Cash,1.0,1453.0,1453.0,2025-11,2025Q4
ORD10459,2025-04-01,North,Home & Kitchen,Led Lamp,Wholesale,Upi,26.0,2787.42,72472.92,2025-04,2025Q2
ORD10784,2025-04-08,Central,Grocery,Cooking Oil 1L,Wholesale,Credit Card,9.0,399.21,3592.89,2025-04,2025Q2
ORD10332,2025-12-10,South,Grocery,Green Tea Pack,Online,Debit Card,32.0,321.72,10295.04,2025-12,2025Q4
ORD10046,2025-02-22,West,Grocery,Atta 10Kg,Retail,Cash,6.0,160.31,961.86,2025-02,2025Q1
ORD10340,2025-01-08,East,Beauty,Lip Balm,Retail,Cash,30.0,796.06,23881.8,2025-01,2025Q1
ORD10155,2025-02-15,East,Home & Kitchen,Led Lamp,Retail,Debit Card,36.0,2404.56,86564.16,2025-02,2025Q1
ORD10752,2025-11-30,West,Electronics,Smart Watch,Wholesale,Debit Card,6.0,2048.12,12288.72,2025-11,2025Q4
ORD10596,2025-12-17,West,Home & Kitchen,Led Lamp,Online,Cash,23.0,1177.03,27071.69,2025-12,2025Q4
ORD10578,2025-09-30,East,Home & Kitchen,Electric Kettle,Retail,Debit Card,26.0,2443.11,63520.86,2025-09,2025Q3
ORD10123,2025-04-07,East,Beauty,Hair Serum,Online,Upi,4.0,748.38,2993.52,2025-04,2025Q2
ORD11070,2025-02-02,South,Home & Kitchen,Storage Rack,Wholesale,Cash,1.0,677.03,677.03,2025-02,2025Q1
ORD11040,2025-02-12,North,Fashion,Denim Jeans,Retail,Net Banking,6.0,1578.37,9470.22,2025-02,2025Q1
ORD10862,2025-12-21,South,Electronics,Wireless Earbuds,Retail,Net Banking,2.0,2018.7,4037.4,2025-12,2025Q4
ORD11165,2025-03-21,Central,Fashion,Cotton T-Shirt,Wholesale,Cash,16.0,608.75,9740.0,2025-03,2025Q1
ORD10499,2025-12-07,West,Electronics,Power Bank,Retail,Debit Card,9.0,2422.02,21798.18,2025-12,2025Q4
ORD11046,2025-04-26,North,Grocery,Cooking Oil 1L,Wholesale,Credit Card,7.0,274.44,1921.08,2025-04,2025Q2
ORD10629,2025-12-30,West,Fashion,Denim Jeans,Retail,Cash,39.0,311.89,12163.71,2025-12,2025Q4
ORD10444,2025-07-07,South,Electronics,Wireless Earbuds,Wholesale,Upi,5.0,2640.06,13200.3,2025-07,2025Q3
ORD10744,2025-03-10,North,Grocery,Green Tea Pack,Unknown,Upi,5.0,792.42,3962.1,2025-03,2025Q1
ORD10566,2025-04-11,South,Home & Kitchen,Led Lamp,Wholesale,Credit Card,31.0,1186.29,36774.99,2025-04,2025Q2
ORD10724,2025-03-30,West,Home & Kitchen,Led Lamp,Online,Upi,2.0,2909.55,5819.1,2025-03,2025Q1
ORD10723,2025-05-10,Central,Grocery,Spice Combo,Wholesale,Credit Card,5.0,717.37,3586.85,2025-05,2025Q2
ORD10816,2025-07-01,Central,Grocery,Green Tea Pack,Wholesale,Credit Card,13.0,467.31,6075.03,2025-07,2025Q3
ORD10826,2025-03-21,East,Electronics,Usb-C Cable,Wholesale,Cash,30.0,4376.81,131304.3,2025-03,2025Q1
ORD10395,2025-12-25,North,Grocery,Green Tea Pack,Online,Net Banking,35.0,237.41,8309.35,2025-12,2025Q4
ORD11058,2025-05-06,East,Beauty,Face Wash,Retail,Debit Card,37.0,186.91,6915.67,2025-05,2025Q2
ORD10888,2025-09-06,South,Fashion,Backpack,Retail,Debit Card,28.0,1403.44,39296.32,2025-09,2025Q3
ORD10568,2025-11-09,South,Home & Kitchen,Storage Rack,Retail,Net Banking,25.0,1893.15,47328.75,2025-11,2025Q4
ORD11188,2025-08-14,North,Electronics,Bluetooth Speaker,Retail,Credit Card,7.0,1807.29,12651.03,2025-08,2025Q3
ORD10947,2025-11-03,East,Beauty,Hair Serum,Retail,Upi,35.0,694.28,24299.8,2025-11,2025Q4
ORD10691,2025-02-04,Central,Grocery,Spice Combo,Online,Debit Card,8.0,331.08,2648.64,2025-02,2025Q1
ORD10718,2025-09-01,West,Beauty,Face Wash,Online,Upi,9.0,458.21,4123.89,2025-09,2025Q3
ORD10096,2025-04-03,South,Home & Kitchen,Storage Rack,Online,Debit Card,21.0,839.23,17623.83,2025-04,2025Q2
ORD11181,2025-03-28,North,Beauty,Hair Serum,Wholesale,Upi,5.0,1155.72,5778.6,2025-03,2025Q1
ORD10576,2025-12-11,South,Electronics,Usb-C Cable,Online,Cash,13.0,3106.87,40389.31,2025-12,2025Q4
ORD10379,2025-09-15,West,Electronics,Wireless Earbuds,Online,Debit Card,1.0,1112.25,1112.25,2025-09,2025Q3
ORD10325,2025-01-07,West,Home & Kitchen,Mixer Grinder,Online,Net Banking,26.0,1488.86,38710.36,2025-01,2025Q1
ORD11020,2025-11-23,West,Electronics,Wireless Earbuds,Retail,Net Banking,24.0,2321.92,55726.08,2025-11,2025Q4
ORD10789,2025-03-10,North,Beauty,Hair Serum,Online,Debit Card,29.0,450.8,13073.2,2025-03,2025Q1
ORD11173,2025-03-30,Central,Electronics,Power Bank,Retail,Credit Card,26.0,1078.03,28028.78,2025-03,2025Q1
ORD10805,2025-08-06,Central,Grocery,Basmati Rice 5Kg,Retail,Cash,19.0,654.44,12434.36,2025-08,2025Q3
ORD11023,2025-05-21,Central,Fashion,Denim Jeans,Online,Upi,12.0,357.87,4294.44,2025-05,2025Q2
ORD10045,2025-12-08,South,Electronics,Power Bank,Wholesale,Debit Card,37.0,2732.3,101095.1,2025-12,2025Q4
ORD10430,2025-11-22,Central,Grocery,Atta 10Kg,Wholesale,Upi,36.0,186.57,6716.52,2025-11,2025Q4
ORD10653,2025-10-21,East,Fashion,Backpack,Online,Net Banking,4.0,919.06,3676.24,2025-10,2025Q4
ORD10345,2025-12-30,South,Electronics,Usb-C Cable,Wholesale,Debit Card,12.0,2040.27,24483.24,2025-12,2025Q4
ORD11128,2025-12-20,West,Home & Kitchen,Electric Kettle,Retail,Debit Card,9.0,1988.66,17897.94,2025-12,2025Q4
ORD10542,2025-06-10,Central,Grocery,Basmati Rice 5Kg,Online,Net Banking,21.0,813.0,17073.0,2025-06,2025Q2
ORD10237,2025-04-12,South,Fashion,Denim Jeans,Retail,Upi,23.0,1127.61,25935.03,2025-04,2025Q2
ORD10205,2025-09-24,North,Fashion,Cotton T-Shirt,Retail,Cash,20.0,957.43,19148.6,2025-09,2025Q3
ORD10008,2025-02-23,Central,Home & Kitchen,Led Lamp,Online,Credit Card,26.0,1569.36,40803.36,2025-02,2025Q1
ORD10504,2025-11-17,South,Fashion,Running Shoes,Retail,Upi,6.0,1819.47,10916.82,2025-11,2025Q4
ORD10524,2025-11-01,North,Beauty,Face Wash,Wholesale,Upi,25.0,856.91,21422.75,2025-11,2025Q4
ORD10166,2025-04-13,West,Electronics,Smart Watch,Retail,Credit Card,3.0,3376.27,10128.81,2025-04,2025Q2
ORD10331,2025-04-22,South,Electronics,Bluetooth Speaker,Wholesale,Debit Card,39.0,2818.1,109905.9,2025-04,2025Q2
ORD10094,2025-07-24,East,Fashion,Running Shoes,Online,Upi,23.0,543.29,12495.67,2025-07,2025Q3
ORD11161,2025-06-15,North,Beauty,Hair Serum,Retail,Debit Card,16.0,1095.95,17535.2,2025-06,2025Q2
ORD10203,2025-04-27,Central,Home & Kitchen,Mixer Grinder,Retail,Net Banking,18.0,2169.19,39045.42,2025-04,2025Q2
ORD11038,2025-06-21,North,Beauty,Shampoo 340Ml,Retail,Net Banking,23.0,534.33,12289.59,2025-06,2025Q2
ORD10607,2025-01-22,North,Fashion,Backpack,Retail,Credit Card,13.0,460.91,5991.83,2025-01,2025Q1
ORD11052,2025-10-26,North,Beauty,Hair Serum,Wholesale,Credit Card,28.0,865.81,24242.68,2025-10,2025Q4
ORD10676,2025-05-12,West,Fashion,Denim Jeans,Retail,Credit Card,9.0,487.33,4385.97,2025-05,2025Q2
ORD10671,2025-01-28,South,Fashion,Cotton T-Shirt,Retail,Net Banking,19.0,445.77,8469.63,2025-01,2025Q1
ORD10602,2025-03-02,Central,Beauty,Sunscreen Spf50,Retail,Net Banking,38.0,375.43,14266.34,2025-03,2025Q1
ORD10640,2025-12-05,East,Beauty,Sunscreen Spf50,Wholesale,Credit Card,2.0,496.8,993.6,2025-12,2025Q4
ORD10824,2025-12-13,South,Fashion,Denim Jeans,Retail,Cash,9.0,1412.06,12708.54,2025-12,2025Q4
ORD10307,2025-05-01,North,Home & Kitchen,Storage Rack,Online,Debit Card,31.0,1194.57,37031.67,2025-05,2025Q2
ORD10376,2025-10-12,South,Electronics,Bluetooth Speaker,Online,Debit Card,13.0,837.49,10887.37,2025-10,2025Q4
ORD10846,2025-01-17,North,Fashion,Running Shoes,Retail,Cash,9.0,1785.38,16068.42,2025-01,2025Q1
ORD10274,2025-04-27,South,Home & Kitchen,Storage Rack,Retail,Cash,12.0,2911.14,34933.68,2025-04,2025Q2
ORD10909,2025-05-26,Central,Electronics,Wireless Earbuds,Retail,Credit Card,14.0,2093.23,29305.22,2025-05,2025Q2
ORD10633,2025-08-16,Central,Grocery,Green Tea Pack,Wholesale,Net Banking,37.0,712.93,26378.41,2025-08,2025Q3
ORD10769,2025-04-24,West,Beauty,Face Wash,Wholesale,Credit Card,33.0,1046.34,34529.22,2025-04,2025Q2
ORD11080,2025-03-31,Central,Electronics,Smart Watch,Online,Upi,6.0,2009.93,12059.58,2025-03,2025Q1
ORD10978,2025-08-08,Central,Home & Kitchen,Storage Rack,Online,Cash,5.0,672.57,3362.85,2025-08,2025Q3
ORD10496,2025-02-17,West,Beauty,Shampoo 340Ml,Wholesale,Upi,28.0,808.86,22648.08,2025-02,2025Q1
ORD10328,2025-06-10,West,Home & Kitchen,Storage Rack,Online,Credit Card,7.0,2177.76,15244.32,2025-06,2025Q2
ORD10408,2025-05-21,North,Beauty,Lip Balm,Online,Upi,36.0,885.04,31861.44,2025-05,2025Q2
ORD10628,2025-11-27,South,Electronics,Smart Watch,Online,Net Banking,26.0,4303.0,111878.0,2025-11,2025Q4
ORD10342,2025-06-11,South,Grocery,Atta 10Kg,Online,Debit Card,27.0,655.75,17705.25,2025-06,2025Q2
ORD10350,2025-10-30,North,Beauty,Shampoo 340Ml,Retail,Net Banking,14.0,1098.79,15383.06,2025-10,2025Q4
ORD10756,2025-10-05,North,Fashion,Running Shoes,Wholesale,Debit Card,1.0,1860.38,1860.38,2025-10,2025Q4
ORD11115,2025-12-28,West,Beauty,Face Wash,Online,Upi,26.0,925.21,24055.46,2025-12,2025Q4
ORD10329,2025-10-16,Central,Electronics,Usb-C Cable,Wholesale,Cash,39.0,3418.99,133340.61,2025-10,2025Q4
ORD10344,2025-09-22,East,Grocery,Cooking Oil 1L,Retail,Debit Card,2.0,760.88,1521.76,2025-09,2025Q3
ORD10461,2025-10-05,North,Home & Kitchen,Storage Rack,Retail,Cash,5.0,2269.82,11349.1,2025-10,2025Q4
ORD10153,2025-12-28,North,Beauty,Shampoo 340Ml,Online,Debit Card,34.0,780.54,26538.36,2025-12,2025Q4
ORD10810,2025-10-09,West,Home & Kitchen,Led Lamp,Retail,Net Banking,13.0,2086.58,27125.54,2025-10,2025Q4
ORD11068,2025-12-04,South,Home & Kitchen,Electric Kettle,Retail,Net Banking,1.0,1957.1,1957.1,2025-12,2025Q4
ORD10616,2025-09-21,South,Grocery,Green Tea Pack,Retail,Upi,16.0,434.5,6952.0,2025-09,2025Q3
ORD10091,2025-09-09,South,Home & Kitchen,Electric Kettle,Wholesale,Debit Card,34.0,1305.46,44385.64,2025-09,2025Q3
ORD10397,2025-04-14,East,Electronics,Bluetooth Speaker,Retail,Net Banking,8.0,946.0,7568.0,2025-04,2025Q2
ORD10951,2025-01-15,Central,Grocery,Basmati Rice 5Kg,Wholesale,Upi,10.0,801.47,8014.7,2025-01,2025Q1
ORD10595,2025-10-10,West,Electronics,Smart Watch,Retail,Net Banking,26.0,3453.35,89787.1,2025-10,2025Q4
ORD10571,2025-02-17,East,Home & Kitchen,Led Lamp,Retail,Net Banking,17.0,2526.43,42949.31,2025-02,2025Q1
ORD10957,2025-12-07,South,Fashion,Running Shoes,Retail,Net Banking,30.0,883.47,26504.1,2025-12,2025Q4
ORD10878,2025-10-18,North,Grocery,Basmati Rice 5Kg,Online,Cash,3.0,285.88,857.64,2025-10,2025Q4
ORD11190,2025-03-13,North,Home & Kitchen,Storage Rack,Retail,Upi,33.0,559.16,18452.28,2025-03,2025Q1
ORD10240,2025-10-18,East,Grocery,Cooking Oil 1L,Online,Credit Card,2.0,481.53,963.06,2025-10,2025Q4
ORD10503,2025-12-04,East,Home & Kitchen,Electric Kettle,Online,Net Banking,3.0,2003.64,6010.92,2025-12,2025Q4
ORD11123,2025-08-06,North,Electronics,Wireless Earbuds,Wholesale,Credit Card,18.0,1845.87,33225.66,2025-08,2025Q3
ORD10755,2025-06-07,North,Home & Kitchen,Electric Kettle,Wholesale,Upi,15.0,2436.22,36543.3,2025-06,2025Q2
ORD10270,2025-10-18,West,Home & Kitchen,Mixer Grinder,Wholesale,Upi,15.0,1447.75,21716.25,2025-10,2025Q4
ORD11005,2025-02-21,North,Fashion,Cotton T-Shirt,Wholesale,Cash,27.0,926.11,25004.97,2025-02,2025Q1
ORD10969,2025-07-10,East,Grocery,Atta 10Kg,Retail,Cash,11.0,145.33,1598.63,2025-07,2025Q3
ORD10954,2025-07-05,East,Beauty,Lip Balm,Retail,Net Banking,18.0,664.83,11966.94,2025-07,2025Q3
ORD10277,2025-09-23,East,Electronics,Bluetooth Speaker,Wholesale,Net Banking,31.0,3371.63,104520.53,2025-09,2025Q3
ORD10052,2025-10-12,North,Grocery,Spice Combo,Wholesale,Cash,5.0,489.86,2449.3,2025-10,2025Q4
ORD10195,2025-10-12,West,Beauty,Shampoo 340Ml,Wholesale,Cash,22.0,287.9,6333.8,2025-10,2025Q4
ORD10511,2025-08-30,West,Fashion,Backpack,Online,Debit Card,4.0,849.46,3397.84,2025-08,2025Q3
ORD10771,2025-04-30,Central,Electronics,Wireless Earbuds,Retail,Credit Card,32.0,2590.28,82888.96,2025-04,2025Q2
ORD10025,2025-09-04,East,Grocery,Green Tea Pack,Retail,Net Banking,34.0,614.15,20881.1,2025-09,2025Q3
ORD10990,2025-08-30,South,Beauty,Lip Balm,Retail,Debit Card,24.0,540.31,12967.44,2025-08,2025Q3
ORD10822,2025-09-17,Central,Beauty,Face Wash,Unknown,Unknown,22.0,656.065,14433.43,2025-09,2025Q3
ORD10185,2025-12-11,West,Beauty,Sunscreen Spf50,Online,Debit Card,38.0,348.68,13249.84,2025-12,2025Q4
ORD10382,2025-07-07,East,Grocery,Cooking Oil 1L,Online,Cash,15.0,712.29,10684.35,2025-07,2025Q3
ORD10158,2025-09-01,East,Fashion,Cotton T-Shirt,Retail,Debit Card,34.0,1484.33,50467.22,2025-09,2025Q3
ORD10642,2025-11-02,North,Grocery,Basmati Rice 5Kg,Online,Cash,32.0,349.37,11179.84,2025-11,2025Q4
ORD10210,2025-09-08,West,Fashion,Formal Shirt,Wholesale,Credit Card,22.0,1159.4,25506.8,2025-09,2025Q3
ORD10891,2025-06-02,Central,Beauty,Shampoo 340Ml,Wholesale,Net Banking,2.0,224.33,448.66,2025-06,2025Q2
ORD11172,2025-07-05,North,Fashion,Formal Shirt,Online,Debit Card,37.0,1935.54,71614.98,2025-07,2025Q3
ORD10013,2025-11-24,North,Grocery,Cooking Oil 1L,Online,Net Banking,35.0,581.21,20342.35,2025-11,2025Q4
ORD10010,2025-02-22,West,Home & Kitchen,Non-Stick Pan,Retail,Upi,29.0,2485.71,72085.59,2025-02,2025Q1
ORD11197,2025-04-07,North,Fashion,Backpack,Retail,Upi,27.0,1315.65,35522.55,2025-04,2025Q2
ORD10348,2025-12-16,North,Fashion,Running Shoes,Retail,Credit Card,2.0,898.35,1796.7,2025-12,2025Q4
ORD10180,2025-07-14,West,Electronics,Bluetooth Speaker,Wholesale,Upi,15.0,3224.4,48366.0,2025-07,2025Q3
ORD10732,2025-04-22,Central,Fashion,Cotton T-Shirt,Retail,Net Banking,8.0,1587.67,12701.36,2025-04,2025Q2
ORD10966,2025-01-29,South,Home & Kitchen,Mixer Grinder,Wholesale,Cash,15.0,2059.71,30895.65,2025-01,2025Q1
ORD10032,2025-04-14,North,Grocery,Green Tea Pack,Online,Upi,29.0,341.46,9902.34,2025-04,2025Q2
ORD10593,2025-10-14,South,Beauty,Face Wash,Online,Credit Card,24.0,644.51,15468.24,2025-10,2025Q4
ORD10023,2025-04-23,North,Beauty,Face Wash,Online,Upi,2.0,677.81,1355.62,2025-04,2025Q2
ORD10710,2025-10-23,North,Beauty,Hair Serum,Online,Cash,37.0,1107.56,40979.72,2025-10,2025Q4
ORD10988,2025-12-19,East,Grocery,Spice Combo,Online,Upi,33.0,466.66,15399.78,2025-12,2025Q4
ORD10613,2025-02-19,West,Electronics,Smart Watch,Retail,Credit Card,14.0,1828.97,25605.58,2025-02,2025Q1
ORD10366,2025-09-25,East,Home & Kitchen,Mixer Grinder,Wholesale,Upi,29.0,1629.73,47262.17,2025-09,2025Q3
ORD10521,2025-01-19,South,Fashion,Denim Jeans,Retail,Net Banking,34.0,1082.72,36812.48,2025-01,2025Q1
ORD11045,2025-09-23,East,Grocery,Cooking Oil 1L,Online,Debit Card,11.0,440.27,4842.97,2025-09,2025Q3
ORD11138,2025-09-01,Central,Fashion,Cotton T-Shirt,Online,Cash,26.0,2000.66,52017.16,2025-09,2025Q3
ORD10700,2025-05-28,South,Home & Kitchen,Electric Kettle,Unknown,Unknown,19.5,1880.66,36672.87,2025-05,2025Q2
ORD10913,2025-12-19,Central,Grocery,Atta 10Kg,Wholesale,Cash,5.0,225.88,1129.4,2025-12,2025Q4
ORD10780,2025-05-24,West,Home & Kitchen,Storage Rack,Wholesale,Cash,16.0,2120.43,33926.88,2025-05,2025Q2
ORD10961,2025-08-14,North,Beauty,Sunscreen Spf50,Wholesale,Credit Card,7.0,520.16,3641.12,2025-08,2025Q3
ORD10041,2025-09-30,East,Electronics,Wireless Earbuds,Wholesale,Net Banking,26.0,3797.42,98732.92,2025-09,2025Q3
ORD10362,2025-11-28,East,Grocery,Basmati Rice 5Kg,Wholesale,Cash,29.0,253.05,7338.45,2025-11,2025Q4
ORD11011,2025-07-03,Central,Electronics,Power Bank,Wholesale,Debit Card,20.0,2845.0,56900.0,2025-07,2025Q3
ORD10135,2025-06-10,East,Electronics,Usb-C Cable,Wholesale,Credit Card,28.0,1586.92,44433.76,2025-06,2025Q2
ORD10759,2025-01-23,West,Grocery,Spice Combo,Online,Credit Card,4.0,708.54,2834.16,2025-01,2025Q1
ORD10188,2025-08-12,North,Beauty,Shampoo 340Ml,Retail,Upi,31.0,545.53,16911.43,2025-08,2025Q3
ORD10266,2025-06-10,West,Beauty,Lip Balm,Wholesale,Net Banking,14.0,273.53,3829.42,2025-06,2025Q2
ORD10795,2025-01-08,West,Home & Kitchen,Mixer Grinder,Retail,Cash,10.0,2514.18,25141.8,2025-01,2025Q1
ORD10106,2025-09-21,East,Electronics,Power Bank,Wholesale,Upi,37.0,2143.4,79305.8,2025-09,2025Q3
ORD10562,2025-03-05,East,Home & Kitchen,Storage Rack,Wholesale,Debit Card,34.0,584.69,19879.46,2025-03,2025Q1
ORD10121,2025-11-05,East,Fashion,Running Shoes,Online,Debit Card,8.0,1618.06,12944.48,2025-11,2025Q4
ORD10683,2025-12-16,Central,Fashion,Cotton T-Shirt,Online,Net Banking,33.0,1377.1,45444.3,2025-12,2025Q4
ORD10051,2025-03-10,West,Beauty,Shampoo 340Ml,Wholesale,Debit Card,37.0,276.17,10218.29,2025-03,2025Q1
ORD10476,2025-06-18,Central,Beauty,Face Wash,Wholesale,Cash,3.0,274.82,824.46,2025-06,2025Q2
ORD11030,2025-04-02,North,Fashion,Cotton T-Shirt,Retail,Net Banking,20.0,859.75,17195.0,2025-04,2025Q2
ORD11028,2025-07-13,South,Fashion,Formal Shirt,Wholesale,Upi,37.0,939.15,34748.55,2025-07,2025Q3
ORD11107,2025-04-20,West,Grocery,Basmati Rice 5Kg,Online,Upi,10.0,322.33,3223.3,2025-04,2025Q2
ORD11163,2025-07-14,East,Grocery,Spice Combo,Online,Upi,19.0,456.17,8667.23,2025-07,2025Q3
ORD10103,2025-01-15,West,Electronics,Usb-C Cable,Unknown,Unknown,17.0,2905.01,49385.17,2025-01,2025Q1
ORD10992,2025-02-03,North,Grocery,Basmati Rice 5Kg,Online,Cash,16.0,366.83,5869.28,2025-02,2025Q1
ORD10748,2025-11-14,South,Home & Kitchen,Electric Kettle,Retail,Net Banking,18.0,1575.73,28363.14,2025-11,2025Q4
ORD10934,2025-04-13,West,Electronics,Power Bank,Retail,Debit Card,11.0,1870.91,20580.01,2025-04,2025Q2
ORD10849,2025-12-08,West,Home & Kitchen,Mixer Grinder,Wholesale,Debit Card,39.0,2668.55,104073.45,2025-12,2025Q4
ORD10242,2025-01-12,Central,Beauty,Sunscreen Spf50,Online,Cash,36.0,788.3,28378.8,2025-01,2025Q1
ORD10781,2025-11-30,South,Fashion,Denim Jeans,Wholesale,Upi,26.0,351.05,9127.3,2025-11,2025Q4
ORD10977,2025-08-22,Central,Fashion,Formal Shirt,Wholesale,Cash,18.0,899.55,16191.9,2025-08,2025Q3
ORD10299,2025-05-29,East,Grocery,Green Tea Pack,Retail,Cash,29.0,687.8,19946.2,2025-05,2025Q2
ORD10424,2025-12-30,West,Fashion,Cotton T-Shirt,Online,Upi,30.0,811.04,24331.2,2025-12,2025Q4
ORD11054,2025-01-26,Central,Fashion,Cotton T-Shirt,Wholesale,Credit Card,2.0,878.59,1757.18,2025-01,2025Q1
ORD10296,2025-09-28,North,Electronics,Bluetooth Speaker,Retail,Debit Card,14.0,2425.8,33961.2,2025-09,2025Q3
ORD10183,2025-10-28,South,Beauty,Shampoo 340Ml,Online,Credit Card,27.0,1057.72,28558.44,2025-10,2025Q4
ORD10385,2025-10-02,West,Beauty,Sunscreen Spf50,Wholesale,Cash,35.0,507.63,17767.05,2025-10,2025Q4
ORD10532,2025-12-13,North,Fashion,Denim Jeans,Retail,Cash,31.0,1828.54,56684.74,2025-12,2025Q4
ORD10858,2025-01-07,West,Beauty,Sunscreen Spf50,Wholesale,Upi,6.0,948.34,5690.04,2025-01,2025Q1
ORD11119,2025-10-21,Central,Electronics,Power Bank,Wholesale,Cash,10.0,1507.48,15074.8,2025-10,2025Q4
ORD10882,2025-09-11,Central,Fashion,Cotton T-Shirt,Online,Cash,31.0,2148.31,66597.61,2025-09,2025Q3
ORD10821,2025-03-02,East,Beauty,Sunscreen Spf50,Online,Upi,34.0,944.0,32096.0,2025-03,2025Q1
ORD10739,2025-08-29,South,Beauty,Face Wash,Wholesale,Cash,14.0,511.3,7158.2,2025-08,2025Q3
ORD10650,2025-06-08,Central,Electronics,Bluetooth Speaker,Online,Cash,37.0,2934.46,108575.02,2025-06,2025Q2
ORD10754,2025-11-12,East,Fashion,Backpack,Wholesale,Net Banking,34.0,1896.0,64464.0,2025-11,2025Q4
ORD10356,2025-04-30,West,Beauty,Hair Serum,Retail,Upi,33.0,642.21,21192.93,2025-04,2025Q2
ORD10483,2025-07-25,East,Fashion,Denim Jeans,Online,Credit Card,16.0,609.35,9749.6,2025-07,2025Q3
ORD10530,2025-12-01,East,Grocery,Spice Combo,Wholesale,Net Banking,3.0,291.69,875.07,2025-12,2025Q4
ORD10358,2025-07-15,West,Fashion,Formal Shirt,Wholesale,Upi,22.0,1995.37,43898.14,2025-07,2025Q3
ORD10365,2025-06-11,North,Fashion,Cotton T-Shirt,Online,Upi,18.0,987.52,17775.36,2025-06,2025Q2
ORD10494,2025-11-22,West,Electronics,Smart Watch,Online,Cash,2.0,4004.55,8009.1,2025-11,2025Q4
ORD10409,2025-07-10,West,Electronics,Bluetooth Speaker,Wholesale,Debit Card,35.0,2831.78,99112.3,2025-07,2025Q3
ORD10492,2025-01-20,West,Fashion,Cotton T-Shirt,Online,Cash,35.0,1532.16,53625.6,2025-01,2025Q1
ORD11071,2025-05-13,Central,Electronics,Power Bank,Online,Upi,34.0,1011.27,34383.18,2025-05,2025Q2
ORD10874,2025-05-08,East,Home & Kitchen,Storage Rack,Wholesale,Net Banking,23.0,2534.97,58304.31,2025-05,2025Q2
ORD10533,2025-11-13,North,Electronics,Power Bank,Wholesale,Credit Card,37.0,2727.97,100934.89,2025-11,2025Q4
ORD11155,2025-10-29,Central,Electronics,Smart Watch,Online,Net Banking,21.0,1666.01,34986.21,2025-10,2025Q4
ORD10548,2025-04-24,East,Electronics,Power Bank,Wholesale,Debit Card,3.0,3111.07,9333.21,2025-04,2025Q2
ORD10753,2025-11-24,North,Electronics,Wireless Earbuds,Online,Debit Card,22.0,2855.53,62821.66,2025-11,2025Q4
ORD10646,2025-09-23,North,Grocery,Cooking Oil 1L,Retail,Upi,37.0,627.33,23211.21,2025-09,2025Q3
ORD11174,2025-09-27,North,Home & Kitchen,Mixer Grinder,Wholesale,Debit Card,23.0,1849.3,42533.9,2025-09,2025Q3
ORD10070,2025-06-14,North,Fashion,Backpack,Wholesale,Cash,17.0,2099.77,35696.09,2025-06,2025Q2
ORD10721,2025-04-15,Central,Fashion,Cotton T-Shirt,Online,Debit Card,37.0,562.44,20810.28,2025-04,2025Q2
ORD10353,2025-05-27,North,Fashion,Formal Shirt,Retail,Credit Card,38.0,832.07,31618.66,2025-05,2025Q2
ORD10426,2025-10-31,East,Grocery,Basmati Rice 5Kg,Online,Credit Card,14.0,721.21,10096.94,2025-10,2025Q4
ORD11135,2025-11-03,South,Home & Kitchen,Mixer Grinder,Unknown,Credit Card,38.0,692.78,26325.64,2025-11,2025Q4
ORD11034,2025-08-16,West,Electronics,Usb-C Cable,Retail,Cash,8.0,2905.01,23240.08,2025-08,2025Q3
ORD10520,2025-09-04,East,Fashion,Formal Shirt,Retail,Upi,33.0,1114.99,36794.67,2025-09,2025Q3
ORD10740,2025-04-08,Central,Home & Kitchen,Storage Rack,Retail,Debit Card,2.0,590.75,1181.5,2025-04,2025Q2
ORD10351,2025-02-08,West,Electronics,Smart Watch,Retail,Credit Card,33.0,4034.64,133143.12,2025-02,2025Q1
ORD10497,2025-10-28,North,Grocery,Basmati Rice 5Kg,Online,Upi,10.0,431.25,4312.5,2025-10,2025Q4
ORD10417,2025-09-21,South,Home & Kitchen,Led Lamp,Wholesale,Credit Card,11.0,1106.02,12166.22,2025-09,2025Q3
ORD10839,2025-10-04,East,Fashion,Cotton T-Shirt,Retail,Net Banking,38.0,421.41,16013.58,2025-10,2025Q4
ORD10682,2025-09-11,South,Beauty,Face Wash,Retail,Credit Card,37.0,975.22,36083.14,2025-09,2025Q3
ORD10657,2025-03-24,West,Beauty,Shampoo 340Ml,Online,Net Banking,9.0,730.77,6576.93,2025-03,2025Q1
ORD10933,2025-02-03,South,Fashion,Running Shoes,Online,Upi,19.0,508.02,9652.38,2025-02,2025Q1
ORD10735,2025-06-14,North,Electronics,Smart Watch,Online,Net Banking,32.0,4250.21,136006.72,2025-06,2025Q2
ORD10360,2025-11-21,East,Grocery,Spice Combo,Unknown,Unknown,19.0,489.86,9307.34,2025-11,2025Q4
ORD11037,2025-11-30,North,Fashion,Running Shoes,Wholesale,Debit Card,14.0,355.34,4974.76,2025-11,2025Q4
ORD10472,2025-06-11,East,Electronics,Wireless Earbuds,Wholesale,Upi,17.0,3025.75,51437.75,2025-06,2025Q2
ORD10482,2025-04-05,South,Grocery,Atta 10Kg,Wholesale,Debit Card,37.0,175.3,6486.1,2025-04,2025Q2
ORD10601,2025-12-26,South,Fashion,Denim Jeans,Retail,Cash,8.0,1870.45,14963.6,2025-12,2025Q4
ORD10297,2025-04-24,Central,Grocery,Atta 10Kg,Online,Upi,21.0,343.01,7203.21,2025-04,2025Q2
ORD10955,2025-08-26,North,Electronics,Bluetooth Speaker,Retail,Net Banking,17.0,4195.76,71327.92,2025-08,2025Q3
ORD10224,2025-09-21,North,Fashion,Formal Shirt,Retail,Cash,28.0,369.68,10351.04,2025-09,2025Q3
ORD10655,2025-01-15,North,Grocery,Basmati Rice 5Kg,Wholesale,Cash,34.0,368.24,12520.16,2025-01,2025Q1
ORD10095,2025-04-05,West,Fashion,Formal Shirt,Retail,Debit Card,32.0,1200.53,38416.96,2025-04,2025Q2
ORD11063,2025-03-26,East,Electronics,Power Bank,Retail,Net Banking,22.0,2717.78,59791.16,2025-03,2025Q1
ORD10211,2025-01-03,South,Electronics,Power Bank,Wholesale,Debit Card,18.0,1023.3,18419.4,2025-01,2025Q1
ORD10361,2025-11-20,South,Fashion,Cotton T-Shirt,Retail,Net Banking,23.0,1117.81,25709.63,2025-11,2025Q4
ORD10705,2025-06-17,West,Beauty,Lip Balm,Online,Cash,8.0,316.67,2533.36,2025-06,2025Q2
ORD10301,2025-03-29,East,Grocery,Spice Combo,Retail,Net Banking,33.0,516.52,17045.16,2025-03,2025Q1
ORD10354,2025-03-24,South,Fashion,Running Shoes,Online,Upi,28.0,334.21,9357.88,2025-03,2025Q1
ORD10589,2025-02-07,West,Beauty,Shampoo 340Ml,Wholesale,Credit Card,36.0,1161.53,41815.08,2025-02,2025Q1
ORD10369,2025-07-11,North,Home & Kitchen,Mixer Grinder,Retail,Net Banking,17.0,695.98,11831.66,2025-07,2025Q3
ORD10968,2025-05-03,Central,Beauty,Shampoo 340Ml,Wholesale,Credit Card,14.0,661.74,9264.36,2025-05,2025Q2
ORD11129,2025-11-05,South,Fashion,Formal Shirt,Retail,Net Banking,12.0,957.91,11494.92,2025-11,2025Q4
ORD11029,2025-10-13,North,Electronics,Wireless Earbuds,Online,Upi,6.0,1334.41,8006.46,2025-10,2025Q4
ORD10893,2025-09-08,West,Electronics,Usb-C Cable,Retail,Upi,3.0,3435.21,10305.63,2025-09,2025Q3
ORD10053,2025-08-06,West,Home & Kitchen,Storage Rack,Retail,Net Banking,23.0,524.95,12073.85,2025-08,2025Q3
ORD10048,2025-04-30,South,Fashion,Formal Shirt,Online,Credit Card,37.0,650.23,24058.51,2025-04,2025Q2
ORD10696,2025-11-30,North,Electronics,Power Bank,Online,Debit Card,6.0,3331.96,19991.76,2025-11,2025Q4
ORD10974,2025-12-03,North,Grocery,Atta 10Kg,Wholesale,Debit Card,24.0,225.79,5418.96,2025-12,2025Q4
ORD10647,2025-08-25,South,Electronics,Power Bank,Online,Debit Card,16.0,2062.88,33006.08,2025-08,2025Q3
ORD10295,2025-05-20,Central,Fashion,Denim Jeans,Retail,Cash,34.0,543.38,18474.92,2025-05,2025Q2
ORD10585,2025-02-11,East,Fashion,Running Shoes,Online,Upi,33.0,750.17,24755.61,2025-02,2025Q1
ORD10271,2025-03-07,East,Fashion,Denim Jeans,Wholesale,Cash,18.0,1517.85,27321.3,2025-03,2025Q1
ORD11186,2025-10-14,West,Grocery,Cooking Oil 1L,Retail,Credit Card,9.0,163.98,1475.82,2025-10,2025Q4
ORD10445,2025-12-27,South,Fashion,Cotton T-Shirt,Wholesale,Debit Card,34.0,759.6,25826.4,2025-12,2025Q4
ORD10997,2025-09-25,West,Fashion,Backpack,Unknown,Debit Card,23.0,1093.65,25153.95,2025-09,2025Q3
ORD10007,2025-09-21,West,Fashion,Cotton T-Shirt,Wholesale,Cash,2.0,1107.8,2215.6,2025-09,2025Q3
ORD10119,2025-03-19,North,Home & Kitchen,Led Lamp,Retail,Credit Card,25.0,2175.75,54393.75,2025-03,2025Q1
ORD10983,2025-07-29,South,Electronics,Usb-C Cable,Retail,Cash,14.0,1118.7,15661.8,2025-07,2025Q3
ORD11114,2025-10-10,North,Home & Kitchen,Mixer Grinder,Online,Cash,14.0,593.51,8309.14,2025-10,2025Q4
ORD10674,2025-08-05,South,Home & Kitchen,Non-Stick Pan,Retail,Upi,10.0,1641.28,16412.8,2025-08,2025Q3
ORD10852,2025-07-23,West,Home & Kitchen,Mixer Grinder,Unknown,Unknown,19.5,1718.8899999999999,33518.35,2025-07,2025Q3
ORD10468,2025-05-18,West,Beauty,Hair Serum,Online,Debit Card,22.0,915.81,20147.82,2025-05,2025Q2
ORD10138,2025-06-07,Central,Beauty,Face Wash,Retail,Debit Card,18.0,458.75,8257.5,2025-06,2025Q2
ORD10540,2025-03-02,West,Electronics,Usb-C Cable,Retail,Credit Card,13.0,3222.42,41891.46,2025-03,2025Q1
ORD10018,2025-06-19,Central,Beauty,Face Wash,Wholesale,Cash,28.0,379.36,10622.08,2025-06,2025Q2
ORD10383,2025-01-23,East,Fashion,Denim Jeans,Retail,Cash,33.0,1299.04,42868.32,2025-01,2025Q1
ORD11065,2025-11-01,West,Electronics,Smart Watch,Wholesale,Net Banking,31.0,4398.33,136348.23,2025-11,2025Q4
ORD10323,2025-12-02,Central,Home & Kitchen,Non-Stick Pan,Wholesale,Cash,9.0,1667.69,15009.21,2025-12,2025Q4
ORD10815,2025-03-31,West,Beauty,Face Wash,Retail,Cash,5.0,1108.89,5544.45,2025-03,2025Q1
ORD11089,2025-01-09,Central,Beauty,Lip Balm,Online,Cash,35.0,830.88,29080.8,2025-01,2025Q1
ORD10708,2025-11-09,West,Fashion,Backpack,Wholesale,Debit Card,7.0,1782.4,12476.8,2025-11,2025Q4
ORD10355,2025-11-23,West,Electronics,Smart Watch,Online,Upi,19.0,4029.19,76554.61,2025-11,2025Q4
ORD10956,2025-11-22,South,Fashion,Backpack,Retail,Cash,10.0,753.81,7538.1,2025-11,2025Q4
ORD10881,2025-08-06,Central,Beauty,Hair Serum,Wholesale,Cash,26.0,481.45,12517.7,2025-08,2025Q3
ORD10623,2025-03-28,North,Electronics,Bluetooth Speaker,Online,Upi,9.0,1470.38,13233.42,2025-03,2025Q1
ORD11060,2025-07-07,North,Home & Kitchen,Mixer Grinder,Wholesale,Cash,37.0,1864.23,68976.51,2025-07,2025Q3
ORD10471,2025-01-22,North,Beauty,Hair Serum,Online,Credit Card,10.0,171.7,1717.0,2025-01,2025Q1
ORD10624,2025-03-24,West,Beauty,Hair Serum,Online,Upi,28.0,287.03,8036.84,2025-03,2025Q1
ORD10920,2025-10-26,North,Grocery,Cooking Oil 1L,Wholesale,Cash,36.0,591.36,21288.96,2025-10,2025Q4
ORD11184,2025-05-01,South,Beauty,Sunscreen Spf50,Wholesale,Upi,4.0,416.3,1665.2,2025-05,2025Q2
ORD10420,2025-05-01,East,Electronics,Smart Watch,Retail,Debit Card,34.0,1959.39,66619.26,2025-05,2025Q2
ORD10416,2025-01-14,West,Home & Kitchen,Led Lamp,Retail,Cash,13.0,2783.66,36187.58,2025-01,2025Q1
ORD10661,2025-12-06,North,Beauty,Shampoo 340Ml,Online,Cash,35.0,849.95,29748.25,2025-12,2025Q4
ORD11024,2025-11-27,South,Beauty,Hair Serum,Online,Upi,11.0,924.08,10164.88,2025-11,2025Q4
ORD10921,2025-12-25,South,Home & Kitchen,Electric Kettle,Retail,Cash,22.0,1120.58,24652.76,2025-12,2025Q4
ORD10971,2025-05-21,West,Beauty,Lip Balm,Wholesale,Upi,35.0,208.72,7305.2,2025-05,2025Q2
ORD10249,2025-09-20,Central,Electronics,Power Bank,Unknown,Debit Card,13.0,3025.96,39337.48,2025-09,2025Q3
ORD10872,2025-01-16,West,Fashion,Denim Jeans,Wholesale,Net Banking,16.0,502.75,8044.0,2025-01,2025Q1
ORD10505,2025-10-22,West,Electronics,Power Bank,Retail,Net Banking,9.0,929.53,8365.77,2025-10,2025Q4
ORD10443,2025-12-26,East,Grocery,Atta 10Kg,Online,Upi,38.0,346.59,13170.42,2025-12,2025Q4
ORD10118,2025-12-27,East,Beauty,Lip Balm,Retail,Net Banking,5.0,397.48,1987.4,2025-12,2025Q4
ORD10877,2025-01-21,West,Home & Kitchen,Mixer Grinder,Online,Credit Card,1.0,1736.99,1736.99,2025-01,2025Q1
ORD10509,2025-03-02,West,Fashion,Formal Shirt,Online,Upi,3.0,1078.38,3235.14,2025-03,2025Q1
ORD10928,2025-10-13,North,Home & Kitchen,Storage Rack,Wholesale,Upi,38.0,1156.6,43950.8,2025-10,2025Q4
ORD10737,2025-12-04,East,Home & Kitchen,Electric Kettle,Online,Credit Card,36.0,1005.99,36215.64,2025-12,2025Q4
ORD10452,2025-05-21,North,Home & Kitchen,Led Lamp,Online,Upi,20.0,1869.22,37384.4,2025-05,2025Q2
ORD10930,2025-09-30,South,Beauty,Sunscreen Spf50,Online,Cash,35.0,818.94,28662.9,2025-09,2025Q3
ORD10440,2025-01-04,Central,Home & Kitchen,Non-Stick Pan,Wholesale,Debit Card,15.0,1859.36,27890.4,2025-01,2025Q1
ORD10338,2025-02-24,South,Electronics,Bluetooth Speaker,Wholesale,Cash,2.0,1972.02,3944.04,2025-02,2025Q1
ORD10126,2025-04-05,West,Fashion,Running Shoes,Wholesale,Debit Card,27.0,956.82,25834.14,2025-04,2025Q2
ORD10422,2025-06-28,South,Beauty,Face Wash,Online,Credit Card,29.0,557.03,16153.87,2025-06,2025Q2
ORD10508,2025-05-30,North,Fashion,Denim Jeans,Retail,Cash,22.0,1255.0,27610.0,2025-05,2025Q2
ORD10800,2025-01-18,West,Grocery,Basmati Rice 5Kg,Wholesale,Debit Card,10.0,513.83,5138.3,2025-01,2025Q1
ORD11007,2025-07-27,Central,Fashion,Backpack,Retail,Cash,26.0,695.73,18088.98,2025-07,2025Q3
ORD10220,2025-01-14,Central,Home & Kitchen,Storage Rack,Wholesale,Net Banking,14.0,1738.53,24339.42,2025-01,2025Q1
ORD10290,2025-03-10,Central,Grocery,Basmati Rice 5Kg,Unknown,Unknown,19.0,445.09000000000003,8456.71,2025-03,2025Q1
ORD10114,2025-05-18,Central,Grocery,Cooking Oil 1L,Wholesale,Cash,1.0,228.28,228.28,2025-05,2025Q2
ORD10845,2025-07-15,South,Fashion,Backpack,Wholesale,Upi,19.0,1461.55,27769.45,2025-07,2025Q3
ORD10975,2025-12-04,East,Beauty,Sunscreen Spf50,Wholesale,Upi,18.0,1034.3,18617.4,2025-12,2025Q4
ORD10247,2025-05-12,East,Home & Kitchen,Non-Stick Pan,Online,Cash,10.0,2479.43,24794.3,2025-05,2025Q2
ORD10275,2025-04-06,West,Grocery,Spice Combo,Wholesale,Net Banking,6.0,120.26,721.56,2025-04,2025Q2
ORD10309,2025-01-24,Central,Fashion,Denim Jeans,Wholesale,Net Banking,39.0,306.11,11938.29,2025-01,2025Q1
ORD10027,2025-12-12,West,Fashion,Running Shoes,Online,Cash,33.0,1055.39,34827.87,2025-12,2025Q4
ORD10450,2025-03-30,South,Home & Kitchen,Mixer Grinder,Wholesale,Cash,29.0,2760.54,80055.66,2025-03,2025Q1
ORD10579,2025-09-26,West,Beauty,Face Wash,Retail,Net Banking,16.0,796.02,12736.32,2025-09,2025Q3
ORD10159,2025-03-14,North,Electronics,Wireless Earbuds,Retail,Net Banking,25.0,1711.69,42792.25,2025-03,2025Q1
ORD10927,2025-09-26,East,Grocery,Basmati Rice 5Kg,Online,Upi,18.0,279.32,5027.76,2025-09,2025Q3
ORD10261,2025-05-10,North,Grocery,Cooking Oil 1L,Online,Credit Card,23.0,482.86,11105.78,2025-05,2025Q2
ORD10442,2025-01-26,East,Electronics,Bluetooth Speaker,Retail,Debit Card,11.0,4432.12,48753.32,2025-01,2025Q1
ORD11013,2025-02-08,South,Beauty,Sunscreen Spf50,Online,Upi,31.0,452.57,14029.67,2025-02,2025Q1
ORD10448,2025-11-27,East,Beauty,Sunscreen Spf50,Unknown,Unknown,22.0,641.19,14106.18,2025-11,2025Q4
ORD10861,2025-10-23,Central,Beauty,Lip Balm,Online,Upi,36.0,478.48,17225.28,2025-10,2025Q4
ORD11078,2025-05-19,West,Beauty,Shampoo 340Ml,Unknown,Unknown,22.0,761.5699999999999,16754.54,2025-05,2025Q2
ORD10967,2025-08-02,South,Home & Kitchen,Mixer Grinder,Online,Debit Card,28.0,1340.33,37529.24,2025-08,2025Q3
ORD10592,2025-07-27,West,Home & Kitchen,Led Lamp,Unknown,Unknown,19.5,1953.84,38099.88,2025-07,2025Q3
ORD10317,2025-03-02,East,Home & Kitchen,Electric Kettle,Retail,Debit Card,30.0,2562.41,76872.3,2025-03,2025Q1
ORD10414,2025-09-26,Central,Beauty,Shampoo 340Ml,Online,Upi,25.0,279.07,6976.75,2025-09,2025Q3
ORD10217,2025-04-06,South,Electronics,Power Bank,Retail,Credit Card,36.0,4031.67,145140.12,2025-04,2025Q2
ORD11133,2025-09-15,North,Electronics,Wireless Earbuds,Wholesale,Credit Card,8.0,2871.59,22972.72,2025-09,2025Q3
ORD10986,2025-09-15,East,Grocery,Green Tea Pack,Retail,Debit Card,30.0,643.27,19298.1,2025-09,2025Q3
ORD10164,2025-01-26,South,Home & Kitchen,Non-Stick Pan,Unknown,Unknown,7.0,1807.76,12654.32,2025-01,2025Q1
ORD10570,2025-07-27,West,Electronics,Power Bank,Wholesale,Debit Card,7.0,1232.94,8630.58,2025-07,2025Q3
ORD10774,2025-10-01,Central,Home & Kitchen,Led Lamp,Retail,Credit Card,17.0,1367.41,23245.97,2025-10,2025Q4
ORD10919,2025-10-13,East,Fashion,Backpack,Wholesale,Upi,24.0,1120.93,26902.32,2025-10,2025Q4
ORD10006,2025-09-22,South,Home & Kitchen,Storage Rack,Online,Cash,7.0,1985.99,13901.93,2025-09,2025Q3
ORD10785,2025-07-24,South,Electronics,Power Bank,Online,Debit Card,12.0,3393.2,40718.4,2025-07,2025Q3
ORD11050,2025-05-09,Central,Electronics,Power Bank,Online,Cash,31.0,2913.93,90331.83,2025-05,2025Q2
ORD10860,2025-09-16,Central,Grocery,Basmati Rice 5Kg,Wholesale,Debit Card,31.0,328.88,10195.28,2025-09,2025Q3
ORD10865,2025-12-19,East,Electronics,Usb-C Cable,Online,Net Banking,26.0,2943.46,76529.96,2025-12,2025Q4
ORD11160,2025-05-30,North,Home & Kitchen,Led Lamp,Online,Net Banking,2.0,1648.35,3296.7,2025-05,2025Q2
ORD10083,2025-08-27,Central,Electronics,Smart Watch,Wholesale,Upi,22.0,3867.91,85094.02,2025-08,2025Q3
ORD11051,2025-07-27,South,Beauty,Sunscreen Spf50,Wholesale,Upi,11.0,1057.62,11633.82,2025-07,2025Q3
ORD11103,2025-02-26,Central,Beauty,Shampoo 340Ml,Online,Cash,30.0,368.64,11059.2,2025-02,2025Q1
ORD10305,2025-08-19,South,Fashion,Running Shoes,Retail,Net Banking,9.0,1353.03,12177.27,2025-08,2025Q3
ORD11083,2025-03-18,Central,Fashion,Cotton T-Shirt,Online,Net Banking,32.0,946.42,30285.44,2025-03,2025Q1
ORD10131,2025-11-15,North,Fashion,Backpack,Retail,Upi,10.0,1825.42,18254.2,2025-11,2025Q4
ORD10678,2025-05-26,Central,Grocery,Atta 10Kg,Online,Debit Card,31.0,584.63,18123.53,2025-05,2025Q2
ORD10558,2025-08-18,South,Home & Kitchen,Led Lamp,Online,Cash,22.0,2226.86,48990.92,2025-08,2025Q3
ORD10916,2025-01-03,East,Grocery,Basmati Rice 5Kg,Retail,Cash,35.0,760.26,26609.1,2025-01,2025Q1
ORD10609,2025-09-02,Central,Fashion,Formal Shirt,Unknown,Credit Card,23.0,1309.99,30129.77,2025-09,2025Q3
ORD10028,2025-02-08,East,Home & Kitchen,Non-Stick Pan,Retail,Upi,23.0,1807.76,41578.48,2025-02,2025Q1
ORD10924,2025-01-26,South,Fashion,Running Shoes,Wholesale,Net Banking,39.0,1718.2,67009.8,2025-01,2025Q1
ORD10834,2025-09-22,South,Electronics,Usb-C Cable,Retail,Cash,38.0,2491.12,94662.56,2025-09,2025Q3
ORD10631,2025-10-19,South,Beauty,Hair Serum,Wholesale,Net Banking,12.0,451.69,5420.28,2025-10,2025Q4
ORD10473,2025-04-21,Central,Electronics,Smart Watch,Retail,Upi,1.0,3421.41,3421.41,2025-04,2025Q2
ORD10553,2025-07-22,South,Fashion,Backpack,Online,Credit Card,23.0,2057.59,47324.57,2025-07,2025Q3
ORD10782,2025-07-31,West,Fashion,Formal Shirt,Retail,Credit Card,11.0,1464.99,16114.89,2025-07,2025Q3
ORD10238,2025-11-27,Central,Electronics,Wireless Earbuds,Unknown,Upi,12.0,3056.38,36676.56,2025-11,2025Q4
ORD11043,2025-09-24,South,Grocery,Cooking Oil 1L,Unknown,Unknown,36.0,406.83,14645.88,2025-09,2025Q3
ORD10367,2025-12-21,West,Fashion,Backpack,Retail,Net Banking,38.0,1922.86,73068.68,2025-12,2025Q4
ORD10993,2025-10-16,Central,Grocery,Basmati Rice 5Kg,Retail,Net Banking,21.0,185.81,3902.01,2025-10,2025Q4
ORD10635,2025-01-30,South,Beauty,Shampoo 340Ml,Retail,Debit Card,29.0,512.06,14849.74,2025-01,2025Q1
ORD11199,2025-01-05,North,Fashion,Denim Jeans,Wholesale,Upi,19.0,1839.83,34956.77,2025-01,2025Q1
ORD11026,2025-05-04,Central,Fashion,Backpack,Wholesale,Upi,11.0,2059.77,22657.47,2025-05,2025Q2
ORD10649,2025-08-14,South,Grocery,Atta 10Kg,Retail,Debit Card,36.0,256.22,9223.92,2025-08,2025Q3
ORD10076,2025-07-22,West,Grocery,Spice Combo,Online,Debit Card,20.0,178.84,3576.8,2025-07,2025Q3
ORD10594,2025-03-14,South,Home & Kitchen,Led Lamp,Online,Debit Card,24.0,2525.26,60606.24,2025-03,2025Q1
ORD10679,2025-01-17,West,Home & Kitchen,Non-Stick Pan,Unknown,Debit Card,2.0,2038.24,4076.48,2025-01,2025Q1
ORD11152,2025-09-28,West,Electronics,Smart Watch,Wholesale,Net Banking,16.0,3223.16,51570.56,2025-09,2025Q3
ORD10192,2025-07-11,West,Beauty,Lip Balm,Online,Debit Card,12.0,175.82,2109.84,2025-07,2025Q3
ORD10279,2025-09-09,West,Electronics,Power Bank,Online,Upi,37.0,3076.31,113823.47,2025-09,2025Q3
ORD11121,2025-02-06,East,Fashion,Denim Jeans,Online,Net Banking,37.0,2025.36,74938.32,2025-02,2025Q1
ORD10193,2025-02-02,South,Fashion,Running Shoes,Online,Credit Card,34.0,819.89,27876.26,2025-02,2025Q1
ORD10652,2025-02-05,Central,Beauty,Lip Balm,Retail,Upi,36.0,795.21,28627.56,2025-02,2025Q1
ORD10668,2025-06-03,East,Grocery,Green Tea Pack,Retail,Net Banking,24.0,840.8,20179.2,2025-06,2025Q2
ORD10643,2025-06-30,South,Home & Kitchen,Electric Kettle,Online,Credit Card,11.0,2945.79,32403.69,2025-06,2025Q2
ORD10949,2025-04-14,West,Electronics,Bluetooth Speaker,Wholesale,Cash,12.0,1898.51,22782.12,2025-04,2025Q2
ORD10692,2025-05-02,East,Grocery,Atta 10Kg,Retail,Debit Card,8.0,567.62,4540.96,2025-05,2025Q2
ORD10884,2025-11-14,East,Fashion,Cotton T-Shirt,Unknown,Unknown,22.0,1068.94,23516.68,2025-11,2025Q4
ORD10446,2025-03-02,Central,Home & Kitchen,Storage Rack,Wholesale,Credit Card,14.0,1821.1,25495.4,2025-03,2025Q1
ORD10265,2025-12-30,Central,Electronics,Wireless Earbuds,Wholesale,Credit Card,8.0,3594.5,28756.0,2025-12,2025Q4
ORD10245,2025-05-21,Central,Fashion,Denim Jeans,Retail,Cash,27.0,2066.25,55788.75,2025-05,2025Q2
ORD10281,2025-03-03,East,Beauty,Shampoo 340Ml,Wholesale,Net Banking,22.0,1162.01,25564.22,2025-03,2025Q1
ORD10061,2025-08-15,West,Electronics,Smart Watch,Wholesale,Upi,39.0,2948.01,114972.39,2025-08,2025Q3
ORD10110,2025-04-04,South,Fashion,Cotton T-Shirt,Online,Debit Card,8.0,1205.58,9644.64,2025-04,2025Q2
ORD10364,2025-12-14,West,Grocery,Atta 10Kg,Retail,Debit Card,22.0,324.89,7147.58,2025-12,2025Q4
ORD11085,2025-05-12,East,Fashion,Denim Jeans,Wholesale,Cash,17.0,583.86,9925.62,2025-05,2025Q2
ORD10583,2025-01-01,East,Grocery,Green Tea Pack,Wholesale,Upi,32.0,158.7,5078.4,2025-01,2025Q1
ORD10757,2025-07-17,East,Beauty,Face Wash,Retail,Debit Card,21.0,1052.63,22105.23,2025-07,2025Q3
ORD10030,2025-09-11,Central,Grocery,Spice Combo,Online,Upi,35.0,666.28,23319.8,2025-09,2025Q3
ORD10128,2025-04-21,West,Grocery,Green Tea Pack,Retail,Net Banking,8.0,628.07,5024.56,2025-04,2025Q2
ORD11141,2025-09-27,South,Home & Kitchen,Non-Stick Pan,Wholesale,Cash,24.0,1139.73,27353.52,2025-09,2025Q3
ORD10146,2025-10-30,East,Beauty,Lip Balm,Wholesale,Credit Card,3.0,769.81,2309.43,2025-10,2025Q4
ORD10124,2025-01-10,South,Beauty,Shampoo 340Ml,Retail,Net Banking,31.0,547.76,16980.56,2025-01,2025Q1
ORD10641,2025-09-30,North,Beauty,Shampoo 340Ml,Online,Net Banking,4.0,783.35,3133.4,2025-09,2025Q3
ORD10447,2025-08-11,West,Fashion,Backpack,Retail,Debit Card,33.0,560.3,18489.9,2025-08,2025Q3
ORD11012,2025-05-17,Central,Home & Kitchen,Mixer Grinder,Wholesale,Debit Card,20.0,484.47,9689.4,2025-05,2025Q2
ORD10191,2025-01-12,North,Electronics,Bluetooth Speaker,Wholesale,Credit Card,18.0,4024.69,72444.42,2025-01,2025Q1
ORD10161,2025-02-13,North,Fashion,Running Shoes,Retail,Upi,10.0,1612.06,16120.6,2025-02,2025Q1
ORD10760,2025-01-16,South,Fashion,Denim Jeans,Wholesale,Net Banking,17.0,1256.36,21358.12,2025-01,2025Q1
ORD10556,2025-05-22,South,Home & Kitchen,Led Lamp,Retail,Debit Card,15.0,2579.2,38688.0,2025-05,2025Q2
ORD10286,2025-08-21,Central,Beauty,Lip Balm,Wholesale,Credit Card,21.0,1154.03,24234.63,2025-08,2025Q3
ORD10298,2025-02-01,North,Electronics,Power Bank,Online,Credit Card,21.0,3593.66,75466.86,2025-02,2025Q1
ORD10066,2025-02-22,Central,Electronics,Usb-C Cable,Wholesale,Credit Card,39.0,4484.95,174913.05,2025-02,2025Q1
ORD10543,2025-03-20,South,Beauty,Lip Balm,Wholesale,Upi,29.0,608.24,17638.96,2025-03,2025Q1
ORD10346,2025-10-04,North,Grocery,Cooking Oil 1L,Retail,Debit Card,34.0,391.39,13307.26,2025-10,2025Q4
ORD10090,2025-10-30,South,Beauty,Hair Serum,Online,Debit Card,39.0,293.19,11434.41,2025-10,2025Q4
ORD10021,2025-08-13,West,Fashion,Denim Jeans,Online,Debit Card,32.0,1285.7,41142.4,2025-08,2025Q3
ORD10898,2025-02-08,North,Fashion,Formal Shirt,Wholesale,Upi,37.0,2099.87,77695.19,2025-02,2025Q1
ORD10856,2025-02-14,South,Home & Kitchen,Mixer Grinder,Online,Credit Card,37.0,1596.86,59083.82,2025-02,2025Q1
ORD10803,2025-03-25,South,Fashion,Running Shoes,Retail,Credit Card,24.0,1472.72,35345.28,2025-03,2025Q1
ORD10143,2025-04-07,East,Grocery,Cooking Oil 1L,Wholesale,Debit Card,16.0,429.8,6876.8,2025-04,2025Q2
ORD10049,2025-11-14,Central,Electronics,Power Bank,Retail,Credit Card,1.0,2436.7,2436.7,2025-11,2025Q4
ORD10436,2025-05-14,North,Beauty,Face Wash,Online,Credit Card,7.0,515.5,3608.5,2025-05,2025Q2
ORD10069,2025-05-21,South,Home & Kitchen,Non-Stick Pan,Online,Credit Card,2.0,611.51,1223.02,2025-05,2025Q2
ORD10604,2025-03-31,Central,Beauty,Shampoo 340Ml,Retail,Cash,30.0,422.65,12679.5,2025-03,2025Q1
ORD10437,2025-05-06,Central,Grocery,Green Tea Pack,Retail,Cash,9.0,546.63,4919.67,2025-05,2025Q2
ORD10282,2025-07-02,Central,Home & Kitchen,Mixer Grinder,Wholesale,Net Banking,10.0,2170.53,21705.3,2025-07,2025Q3
ORD10970,2025-01-21,East,Home & Kitchen,Mixer Grinder,Wholesale,Net Banking,32.0,1047.34,33514.88,2025-01,2025Q1
ORD10303,2025-12-28,West,Home & Kitchen,Non-Stick Pan,Retail,Debit Card,1.0,1122.55,1122.55,2025-12,2025Q4
ORD10082,2025-10-13,Central,Home & Kitchen,Mixer Grinder,Retail,Upi,1.0,1648.96,1648.96,2025-10,2025Q4
ORD10314,2025-01-19,North,Beauty,Lip Balm,Unknown,Upi,18.0,539.99,9719.82,2025-01,2025Q1
ORD10310,2025-02-07,North,Grocery,Atta 10Kg,Retail,Cash,17.0,578.8,9839.6,2025-02,2025Q1
ORD10044,2025-12-08,South,Fashion,Cotton T-Shirt,Online,Net Banking,22.0,1422.58,31296.76,2025-12,2025Q4
ORD11105,2025-09-08,Central,Beauty,Face Wash,Online,Debit Card,17.0,728.23,12379.91,2025-09,2025Q3
ORD11044,2025-10-16,North,Beauty,Sunscreen Spf50,Wholesale,Upi,31.0,766.74,23768.94,2025-10,2025Q4
ORD10173,2025-03-14,West,Electronics,Wireless Earbuds,Online,Credit Card,37.0,3709.48,137250.76,2025-03,2025Q1
ORD10621,2025-12-03,Central,Electronics,Smart Watch,Wholesale,Debit Card,22.0,1289.9,28377.8,2025-12,2025Q4
ORD10776,2025-06-04,East,Grocery,Spice Combo,Wholesale,Cash,26.0,450.54,11714.04,2025-06,2025Q2
ORD10959,2025-08-16,East,Electronics,Wireless Earbuds,Retail,Credit Card,9.0,3424.4,30819.6,2025-08,2025Q3
ORD10428,2025-01-16,East,Electronics,Wireless Earbuds,Wholesale,Upi,36.0,3307.91,119084.76,2025-01,2025Q1
ORD10868,2025-07-18,East,Electronics,Usb-C Cable,Wholesale,Net Banking,23.0,1192.99,27438.77,2025-07,2025Q3
ORD11096,2025-09-21,Central,Grocery,Green Tea Pack,Wholesale,Debit Card,33.0,875.79,28901.07,2025-09,2025Q3
ORD11109,2025-08-17,West,Grocery,Basmati Rice 5Kg,Retail,Upi,11.0,623.92,6863.12,2025-08,2025Q3
ORD10108,2025-10-04,North,Grocery,Green Tea Pack,Online,Debit Card,31.0,440.11,13643.41,2025-10,2025Q4
ORD10142,2025-09-04,Central,Fashion,Running Shoes,Wholesale,Upi,37.0,639.23,23651.51,2025-09,2025Q3
ORD10259,2025-03-11,Central,Electronics,Power Bank,Retail,Cash,2.0,3277.53,6555.06,2025-03,2025Q1
ORD10577,2025-04-24,West,Electronics,Power Bank,Retail,Upi,36.0,2495.8,89848.8,2025-04,2025Q2
ORD10085,2025-11-07,Central,Grocery,Basmati Rice 5Kg,Online,Net Banking,38.0,832.27,31626.26,2025-11,2025Q4
ORD10253,2025-06-13,South,Home & Kitchen,Non-Stick Pan,Retail,Upi,35.0,2660.08,93102.8,2025-06,2025Q2
ORD10020,2025-05-01,North,Grocery,Spice Combo,Online,Debit Card,9.0,498.17,4483.53,2025-05,2025Q2
ORD10855,2025-11-14,West,Electronics,Smart Watch,Online,Credit Card,6.0,2620.74,15724.44,2025-11,2025Q4
ORD10074,2025-12-14,North,Electronics,Power Bank,Retail,Upi,38.0,2414.44,91748.72,2025-12,2025Q4
ORD10574,2025-09-03,North,Home & Kitchen,Storage Rack,Unknown,Unknown,19.5,1584.47,30897.16,2025-09,2025Q3
ORD10573,2025-11-29,Central,Fashion,Formal Shirt,Wholesale,Debit Card,28.0,1232.45,34508.6,2025-11,2025Q4
ORD10717,2025-03-11,South,Electronics,Smart Watch,Wholesale,Upi,18.0,1848.15,33266.7,2025-03,2025Q1
ORD11156,2025-05-15,West,Grocery,Green Tea Pack,Online,Upi,31.0,231.27,7169.37,2025-05,2025Q2
ORD10489,2025-06-18,South,Beauty,Sunscreen Spf50,Retail,Upi,27.0,695.69,18783.63,2025-06,2025Q2
ORD11145,2025-05-08,South,Home & Kitchen,Storage Rack,Wholesale,Credit Card,10.0,2675.02,26750.2,2025-05,2025Q2
ORD10086,2025-01-23,Central,Beauty,Hair Serum,Wholesale,Credit Card,19.0,409.72,7784.68,2025-01,2025Q1
ORD10372,2025-04-19,North,Grocery,Spice Combo,Retail,Credit Card,39.0,864.15,33701.85,2025-04,2025Q2
ORD10200,2025-01-08,West,Fashion,Denim Jeans,Online,Debit Card,29.0,549.37,15931.73,2025-01,2025Q1
ORD10267,2025-05-31,South,Home & Kitchen,Storage Rack,Retail,Net Banking,2.0,2836.09,5672.18,2025-05,2025Q2
ORD10903,2025-01-22,West,Home & Kitchen,Storage Rack,Online,Net Banking,26.0,1584.47,41196.22,2025-01,2025Q1
ORD10418,2025-02-18,South,Electronics,Wireless Earbuds,Retail,Credit Card,18.0,1821.83,32792.94,2025-02,2025Q1
ORD10745,2025-11-18,West,Electronics,Smart Watch,Wholesale,Credit Card,29.0,1245.35,36115.15,2025-11,2025Q4
ORD10733,2025-07-15,East,Fashion,Running Shoes,Wholesale,Net Banking,7.0,1663.18,11642.26,2025-07,2025Q3
ORD11144,2025-05-19,Central,Fashion,Cotton T-Shirt,Wholesale,Net Banking,27.0,1033.85,27913.95,2025-05,2025Q2
ORD10973,2025-08-02,West,Fashion,Formal Shirt,Retail,Credit Card,2.0,1673.81,3347.62,2025-08,2025Q3
ORD10393,2025-12-08,East,Beauty,Shampoo 340Ml,Online,Credit Card,34.0,422.3,14358.2,2025-12,2025Q4
ORD10704,2025-06-29,Central,Beauty,Face Wash,Wholesale,Debit Card,34.0,834.89,28386.26,2025-06,2025Q2
ORD10016,2025-12-18,Central,Electronics,Power Bank,Wholesale,Net Banking,23.0,3036.34,69835.82,2025-12,2025Q4
ORD10875,2025-02-22,North,Home & Kitchen,Mixer Grinder,Retail,Net Banking,39.0,2993.95,116764.05,2025-02,2025Q1
ORD10116,2025-03-10,South,Grocery,Atta 10Kg,Wholesale,Net Banking,11.0,851.91,9371.01,2025-03,2025Q1
ORD10963,2025-12-13,West,Electronics,Smart Watch,Wholesale,Credit Card,37.0,3398.88,125758.56,2025-12,2025Q4
ORD10304,2025-08-12,East,Home & Kitchen,Electric Kettle,Retail,Credit Card,21.0,2305.99,48425.79,2025-08,2025Q3
ORD10606,2025-10-05,North,Beauty,Face Wash,Retail,Credit Card,21.0,932.44,19581.24,2025-10,2025Q4
ORD11175,2025-05-31,Central,Grocery,Spice Combo,Online,Net Banking,26.0,460.98,11985.48,2025-05,2025Q2
ORD10648,2025-03-30,North,Home & Kitchen,Led Lamp,Wholesale,Upi,10.0,612.16,6121.6,2025-03,2025Q1
ORD10388,2025-12-10,East,Fashion,Running Shoes,Retail,Cash,26.0,374.09,9726.34,2025-12,2025Q4
ORD10072,2025-12-30,South,Fashion,Denim Jeans,Unknown,Unknown,22.0,1105.165,24313.63,2025-12,2025Q4
ORD10900,2025-11-29,East,Electronics,Power Bank,Wholesale,Cash,25.0,2704.7,67617.5,2025-11,2025Q4
ORD10905,2025-06-25,East,Fashion,Cotton T-Shirt,Wholesale,Credit Card,20.0,822.55,16451.0,2025-06,2025Q2
ORD10402,2025-07-22,South,Electronics,Smart Watch,Retail,Debit Card,14.0,2487.12,34819.68,2025-07,2025Q3
ORD10925,2025-10-16,East,Fashion,Backpack,Retail,Credit Card,32.0,700.45,22414.4,2025-10,2025Q4
ORD10561,2025-08-27,West,Electronics,Usb-C Cable,Online,Net Banking,12.0,3822.8,45873.6,2025-08,2025Q3
ORD10730,2025-05-06,East,Electronics,Wireless Earbuds,Wholesale,Debit Card,34.0,1035.63,35211.42,2025-05,2025Q2
ORD10675,2025-11-02,North,Fashion,Formal Shirt,Retail,Cash,34.0,372.36,12660.24,2025-11,2025Q4
ORD10764,2025-04-07,East,Beauty,Sunscreen Spf50,Online,Debit Card,23.0,814.93,18743.39,2025-04,2025Q2
ORD10184,2025-10-16,North,Fashion,Formal Shirt,Online,Debit Card,13.0,1890.33,24574.29,2025-10,2025Q4
ORD10550,2025-06-20,Central,Home & Kitchen,Electric Kettle,Online,Upi,20.0,1880.66,37613.2,2025-06,2025Q2
ORD10857,2025-01-03,East,Home & Kitchen,Mixer Grinder,Retail,Cash,29.0,1304.34,37825.86,2025-01,2025Q1
ORD11140,2025-04-13,North,Grocery,Cooking Oil 1L,Online,Cash,3.0,662.79,1988.37,2025-04,2025Q2
ORD10736,2025-06-24,Central,Fashion,Formal Shirt,Retail,Upi,24.0,564.57,13549.68,2025-06,2025Q2
ORD10174,2025-07-17,South,Fashion,Backpack,Retail,Cash,4.0,740.18,2960.72,2025-07,2025Q3
ORD11072,2025-05-19,East,Grocery,Cooking Oil 1L,Retail,Debit Card,31.0,758.12,23501.72,2025-05,2025Q2
ORD10145,2025-04-22,West,Beauty,Shampoo 340Ml,Retail,Cash,18.0,1087.31,19571.58,2025-04,2025Q2
ORD10419,2025-10-21,North,Electronics,Bluetooth Speaker,Wholesale,Net Banking,29.0,4244.28,123084.12,2025-10,2025Q4
ORD11033,2025-05-29,North,Beauty,Hair Serum,Wholesale,Cash,33.0,232.44,7670.52,2025-05,2025Q2
ORD10806,2025-12-16,East,Fashion,Denim Jeans,Unknown,Unknown,22.0,1105.165,24313.63,2025-12,2025Q4
ORD10935,2025-05-09,Central,Fashion,Formal Shirt,Wholesale,Cash,13.0,1267.4,16476.2,2025-05,2025Q2
ORD10936,2025-10-20,West,Beauty,Shampoo 340Ml,Online,Credit Card,29.0,400.95,11627.55,2025-10,2025Q4
ORD10587,2025-08-15,North,Fashion,Running Shoes,Retail,Debit Card,2.0,1568.95,3137.9,2025-08,2025Q3
ORD10516,2025-08-02,Central,Electronics,Usb-C Cable,Online,Net Banking,32.0,3367.61,107763.52,2025-08,2025Q3
ORD10976,2025-11-09,West,Fashion,Formal Shirt,Online,Net Banking,34.0,1291.25,43902.5,2025-11,2025Q4
ORD10230,2025-08-11,West,Fashion,Denim Jeans,Wholesale,Cash,23.0,356.95,8209.85,2025-08,2025Q3
ORD10218,2025-09-19,East,Home & Kitchen,Mixer Grinder,Wholesale,Net Banking,12.0,1398.0,16776.0,2025-09,2025Q3
ORD11041,2025-01-22,Central,Electronics,Wireless Earbuds,Online,Credit Card,8.0,3484.23,27873.84,2025-01,2025Q1
ORD10575,2025-07-06,East,Grocery,Basmati Rice 5Kg,Online,Net Banking,5.0,256.6,1283.0,2025-07,2025Q3
ORD10569,2025-04-16,North,Beauty,Face Wash,Wholesale,Debit Card,21.0,663.86,13941.06,2025-04,2025Q2
ORD10189,2025-12-10,East,Beauty,Shampoo 340Ml,Wholesale,Credit Card,32.0,1032.13,33028.16,2025-12,2025Q4
ORD10880,2025-08-18,South,Beauty,Sunscreen Spf50,Wholesale,Net Banking,6.0,1109.57,6657.42,2025-08,2025Q3
ORD10065,2025-02-21,Central,Fashion,Denim Jeans,Retail,Debit Card,12.0,924.46,11093.52,2025-02,2025Q1
ORD10747,2025-10-10,North,Fashion,Running Shoes,Wholesale,Upi,36.0,2043.9,73580.4,2025-10,2025Q4
ORD10507,2025-04-24,Central,Grocery,Green Tea Pack,Online,Cash,18.0,763.3,13739.4,2025-04,2025Q2
ORD10883,2025-07-27,South,Fashion,Backpack,Unknown,Unknown,22.0,1315.65,28944.3,2025-07,2025Q3
ORD10255,2025-01-11,Central,Home & Kitchen,Non-Stick Pan,Retail,Upi,25.0,2968.24,74206.0,2025-01,2025Q1
ORD10660,2025-02-15,South,Fashion,Cotton T-Shirt,Retail,Upi,17.0,1229.17,20895.89,2025-02,2025Q1
ORD10582,2025-07-21,West,Grocery,Spice Combo,Wholesale,Upi,9.0,774.56,6971.04,2025-07,2025Q3
ORD10175,2025-05-28,East,Beauty,Hair Serum,Retail,Credit Card,34.0,553.3,18812.2,2025-05,2025Q2
ORD10551,2025-12-09,West,Fashion,Denim Jeans,Retail,Debit Card,5.0,2191.7,10958.5,2025-12,2025Q4
ORD10214,2025-07-30,East,Beauty,Face Wash,Online,Cash,10.0,573.42,5734.2,2025-07,2025Q3
ORD10334,2025-04-02,North,Fashion,Backpack,Wholesale,Cash,26.0,1360.16,35364.16,2025-04,2025Q2
ORD10177,2025-08-29,South,Beauty,Shampoo 340Ml,Online,Credit Card,18.0,880.82,15854.76,2025-08,2025Q3
ORD10081,2025-02-04,East,Beauty,Sunscreen Spf50,Retail,Upi,2.0,236.89,473.78,2025-02,2025Q1
ORD10289,2025-09-04,North,Home & Kitchen,Mixer Grinder,Online,Upi,23.0,1747.86,40200.78,2025-09,2025Q3
ORD10958,2025-03-21,West,Fashion,Denim Jeans,Online,Upi,21.0,2134.48,44824.08,2025-03,2025Q1
ORD10373,2025-01-08,Central,Electronics,Smart Watch,Online,Upi,20.0,3340.38,66807.6,2025-01,2025Q1
ORD10727,2025-02-04,West,Electronics,Smart Watch,Online,Debit Card,25.0,4142.02,103550.5,2025-02,2025Q1
ORD10526,2025-06-05,Central,Electronics,Wireless Earbuds,Retail,Upi,7.0,2469.79,17288.53,2025-06,2025Q2
ORD10252,2025-06-01,West,Fashion,Formal Shirt,Online,Credit Card,25.0,481.52,12038.0,2025-06,2025Q2
ORD10586,2025-08-09,South,Beauty,Hair Serum,Wholesale,Net Banking,8.0,964.01,7712.08,2025-08,2025Q3
ORD11137,2025-01-23,West,Beauty,Face Wash,Online,Debit Card,5.0,900.44,4502.2,2025-01,2025Q1
ORD11191,2025-08-26,North,Grocery,Cooking Oil 1L,Wholesale,Net Banking,6.0,478.0,2868.0,2025-08,2025Q3
ORD11179,2025-06-10,North,Beauty,Hair Serum,Wholesale,Upi,13.0,1046.56,13605.28,2025-06,2025Q2
ORD10484,2025-04-23,East,Grocery,Spice Combo,Retail,Debit Card,12.0,604.61,7255.32,2025-04,2025Q2
ORD10235,2025-03-04,North,Electronics,Wireless Earbuds,Unknown,Unknown,19.0,2654.495,50435.4,2025-03,2025Q1
ORD10410,2025-07-07,South,Beauty,Hair Serum,Retail,Net Banking,19.0,698.71,13275.49,2025-07,2025Q3
ORD10171,2025-12-25,North,Grocery,Spice Combo,Wholesale,Upi,3.0,484.5,1453.5,2025-12,2025Q4
ORD10841,2025-07-20,South,Electronics,Usb-C Cable,Online,Debit Card,7.0,2909.67,20367.69,2025-07,2025Q3
ORD10820,2025-12-02,West,Grocery,Basmati Rice 5Kg,Wholesale,Cash,37.0,458.93,16980.41,2025-12,2025Q4
ORD10019,2025-12-06,West,Fashion,Denim Jeans,Retail,Upi,1.0,733.08,733.08,2025-12,2025Q4
ORD10236,2025-06-08,West,Electronics,Smart Watch,Wholesale,Net Banking,38.0,2010.02,76380.76,2025-06,2025Q2
ORD10500,2025-09-05,East,Grocery,Basmati Rice 5Kg,Retail,Upi,20.0,279.14,5582.8,2025-09,2025Q3
ORD10202,2025-09-30,West,Grocery,Atta 10Kg,Retail,Upi,22.0,573.94,12626.68,2025-09,2025Q3
ORD10836,2025-10-19,South,Home & Kitchen,Led Lamp,Online,Upi,1.0,2441.49,2441.49,2025-10,2025Q4
ORD10825,2025-08-03,East,Home & Kitchen,Non-Stick Pan,Online,Credit Card,24.0,1613.88,38733.12,2025-08,2025Q3
ORD10464,2025-08-30,Central,Grocery,Spice Combo,Retail,Debit Card,39.0,145.59,5678.01,2025-08,2025Q3
ORD10922,2025-04-24,West,Fashion,Backpack,Wholesale,Credit Card,9.0,665.46,5989.14,2025-04,2025Q2
ORD10617,2025-08-18,Central,Home & Kitchen,Electric Kettle,Retail,Net Banking,39.0,2301.89,89773.71,2025-08,2025Q3
ORD11150,2025-11-25,West,Electronics,Power Bank,Retail,Upi,12.0,1066.33,12795.96,2025-11,2025Q4
ORD10667,2025-08-08,East,Electronics,Smart Watch,Wholesale,Debit Card,39.0,2524.87,98469.93,2025-08,2025Q3
ORD10441,2025-10-05,East,Electronics,Wireless Earbuds,Wholesale,Cash,7.0,1320.97,9246.79,2025-10,2025Q4
ORD10538,2025-07-23,East,Home & Kitchen,Led Lamp,Online,Upi,26.0,2210.01,57460.26,2025-07,2025Q3
ORD11117,2025-03-29,South,Fashion,Running Shoes,Unknown,Unknown,22.0,970.46,21350.12,2025-03,2025Q1
ORD10786,2025-04-10,West,Fashion,Denim Jeans,Retail,Net Banking,36.0,526.82,18965.52,2025-04,2025Q2
ORD10787,2025-01-12,Central,Grocery,Green Tea Pack,Online,Debit Card,6.0,281.46,1688.76,2025-01,2025Q1
ORD10871,2025-10-20,South,Fashion,Denim Jeans,Online,Cash,18.0,718.62,12935.16,2025-10,2025Q4
ORD10698,2025-11-15,East,Electronics,Power Bank,Online,Upi,32.0,888.82,28442.24,2025-11,2025Q4
ORD11195,2025-09-25,West,Fashion,Cotton T-Shirt,Wholesale,Credit Card,19.0,2107.65,40045.35,2025-09,2025Q3
ORD10625,2025-09-05,South,Electronics,Bluetooth Speaker,Retail,Credit Card,30.0,1170.91,35127.3,2025-09,2025Q3
ORD10962,2025-05-02,South,Fashion,Backpack,Retail,Cash,24.0,2093.16,50235.84,2025-05,2025Q2
ORD10054,2025-09-03,South,Beauty,Lip Balm,Online,Credit Card,19.0,678.29,12887.51,2025-09,2025Q3
ORD10501,2025-02-08,West,Electronics,Usb-C Cable,Online,Upi,5.0,1085.44,5427.2,2025-02,2025Q1
ORD10337,2025-09-25,West,Home & Kitchen,Led Lamp,Retail,Cash,37.0,2049.91,75846.67,2025-09,2025Q3
ORD10869,2025-03-11,North,Home & Kitchen,Led Lamp,Online,Cash,29.0,1698.83,49266.07,2025-03,2025Q1
ORD10244,2025-12-02,North,Beauty,Lip Balm,Online,Debit Card,15.0,357.01,5355.15,2025-12,2025Q4
ORD10377,2025-07-29,North,Fashion,Cotton T-Shirt,Online,Cash,3.0,1675.55,5026.65,2025-07,2025Q3
ORD10866,2025-11-23,South,Beauty,Sunscreen Spf50,Wholesale,Debit Card,8.0,178.44,1427.52,2025-11,2025Q4
ORD10035,2025-08-26,East,Beauty,Shampoo 340Ml,Online,Credit Card,21.0,677.77,14233.17,2025-08,2025Q3
ORD10994,2025-09-19,Central,Fashion,Cotton T-Shirt,Retail,Cash,8.0,667.34,5338.72,2025-09,2025Q3
ORD10535,2025-01-29,North,Fashion,Formal Shirt,Online,Cash,6.0,1724.96,10349.76,2025-01,2025Q1
ORD10490,2025-03-12,South,Fashion,Running Shoes,Wholesale,Upi,35.0,810.21,28357.35,2025-03,2025Q1
ORD10695,2025-07-27,South,Electronics,Wireless Earbuds,Retail,Upi,26.0,3600.0,93600.0,2025-07,2025Q3
ORD10463,2025-07-18,Central,Home & Kitchen,Storage Rack,Wholesale,Cash,23.0,1638.47,37684.81,2025-07,2025Q3
ORD10518,2025-04-04,East,Electronics,Wireless Earbuds,Wholesale,Debit Card,14.0,1249.53,17493.42,2025-04,2025Q2
ORD10293,2025-09-18,West,Beauty,Sunscreen Spf50,Retail,Upi,9.0,551.04,4959.36,2025-09,2025Q3
ORD10783,2025-04-18,South,Electronics,Power Bank,Retail,Net Banking,14.0,1733.04,24262.56,2025-04,2025Q2
ORD10773,2025-07-22,South,Beauty,Hair Serum,Online,Net Banking,24.0,235.0,5640.0,2025-07,2025Q3
ORD10060,2025-08-05,North,Beauty,Hair Serum,Wholesale,Net Banking,9.0,746.95,6722.55,2025-08,2025Q3
ORD10084,2025-06-26,South,Beauty,Face Wash,Retail,Debit Card,1.0,164.36,164.36,2025-06,2025Q2
ORD10506,2025-07-06,Central,Beauty,Sunscreen Spf50,Wholesale,Debit Card,38.0,598.98,22761.24,2025-07,2025Q3
ORD11008,2025-11-28,South,Electronics,Wireless Earbuds,Retail,Credit Card,15.0,2668.93,40033.95,2025-11,2025Q4
ORD10283,2025-03-06,South,Beauty,Hair Serum,Wholesale,Net Banking,21.0,358.8,7534.8,2025-03,2025Q1
ORD10915,2025-01-29,North,Fashion,Denim Jeans,Retail,Upi,26.0,1058.92,27531.92,2025-01,2025Q1
ORD10722,2025-06-13,Central,Beauty,Lip Balm,Wholesale,Cash,9.0,948.01,8532.09,2025-06,2025Q2
ORD10456,2025-08-16,South,Electronics,Smart Watch,Online,Upi,32.0,2697.06,86305.92,2025-08,2025Q3
ORD10817,2025-12-31,South,Home & Kitchen,Mixer Grinder,Wholesale,Cash,33.0,959.4,31660.2,2025-12,2025Q4
ORD11079,2025-07-20,West,Fashion,Denim Jeans,Retail,Net Banking,6.0,436.3,2617.8,2025-07,2025Q3
ORD11082,2025-06-18,North,Grocery,Spice Combo,Wholesale,Credit Card,16.0,238.79,3820.64,2025-06,2025Q2
ORD11064,2025-08-03,East,Grocery,Basmati Rice 5Kg,Retail,Credit Card,9.0,343.74,3093.66,2025-08,2025Q3
ORD11057,2025-05-30,South,Home & Kitchen,Led Lamp,Online,Upi,6.0,632.28,3793.68,2025-05,2025Q2
ORD11098,2025-09-06,Central,Grocery,Green Tea Pack,Online,Upi,24.0,150.27,3606.48,2025-09,2025Q3
ORD10684,2025-04-27,Central,Home & Kitchen,Led Lamp,Wholesale,Credit Card,3.0,892.14,2676.42,2025-04,2025Q2
ORD10100,2025-04-23,West,Fashion,Backpack,Online,Credit Card,28.0,1000.94,28026.32,2025-04,2025Q2
ORD10453,2025-12-08,North,Beauty,Lip Balm,Retail,Credit Card,36.0,524.88,18895.68,2025-12,2025Q4
ORD10864,2025-08-04,Central,Beauty,Lip Balm,Retail,Upi,12.0,708.05,8496.6,2025-08,2025Q3
ORD10321,2025-11-09,West,Grocery,Basmati Rice 5Kg,Retail,Cash,24.0,488.21,11717.04,2025-11,2025Q4
ORD10431,2025-08-23,North,Fashion,Backpack,Retail,Credit Card,10.0,327.92,3279.2,2025-08,2025Q3
ORD10333,2025-01-20,West,Home & Kitchen,Led Lamp,Wholesale,Net Banking,15.0,2686.91,40303.65,2025-01,2025Q1
ORD10914,2025-02-14,North,Electronics,Bluetooth Speaker,Wholesale,Debit Card,30.0,1588.85,47665.5,2025-02,2025Q1
ORD10467,2025-06-30,Central,Grocery,Spice Combo,Online,Net Banking,6.0,162.61,975.66,2025-06,2025Q2
ORD10339,2025-12-31,South,Fashion,Running Shoes,Online,Upi,28.0,683.83,19147.24,2025-12,2025Q4
ORD10050,2025-04-06,Central,Electronics,Usb-C Cable,Retail,Net Banking,39.0,3231.31,126021.09,2025-04,2025Q2
ORD10209,2025-08-11,West,Electronics,Bluetooth Speaker,Wholesale,Cash,20.0,2055.97,41119.4,2025-08,2025Q3
ORD11120,2025-12-01,South,Home & Kitchen,Non-Stick Pan,Wholesale,Net Banking,39.0,2282.37,89012.43,2025-12,2025Q4
ORD11166,2025-05-03,North,Home & Kitchen,Mixer Grinder,Retail,Credit Card,17.0,2195.6,37325.2,2025-05,2025Q2
ORD10250,2025-04-28,North,Beauty,Lip Balm,Wholesale,Upi,15.0,791.53,11872.95,2025-04,2025Q2
ORD10706,2025-08-02,Central,Beauty,Sunscreen Spf50,Retail,Upi,1.0,522.1,522.1,2025-08,2025Q3
ORD10873,2025-04-02,West,Beauty,Hair Serum,Retail,Debit Card,30.0,268.02,8040.6,2025-04,2025Q2
ORD10167,2025-07-02,West,Grocery,Basmati Rice 5Kg,Retail,Upi,13.0,608.2,7906.6,2025-07,2025Q3
ORD10932,2025-09-08,South,Electronics,Power Bank,Retail,Net Banking,34.0,3428.56,116571.04,2025-09,2025Q3
ORD10003,2025-12-11,East,Electronics,Smart Watch,Online,Credit Card,28.0,4402.9,123281.2,2025-12,2025Q4
ORD10842,2025-02-11,West,Home & Kitchen,Mixer Grinder,Retail,Upi,27.0,1069.84,28885.68,2025-02,2025Q1
ORD10941,2025-02-13,Central,Grocery,Atta 10Kg,Retail,Debit Card,3.0,763.92,2291.76,2025-02,2025Q1
ORD10392,2025-10-05,Central,Grocery,Spice Combo,Retail,Upi,13.0,542.53,7052.89,2025-10,2025Q4
ORD10133,2025-10-21,East,Home & Kitchen,Electric Kettle,Wholesale,Debit Card,17.0,1926.38,32748.46,2025-10,2025Q4
ORD10703,2025-10-02,West,Home & Kitchen,Led Lamp,Online,Upi,19.0,1756.9,33381.1,2025-10,2025Q4
ORD10637,2025-04-26,North,Electronics,Power Bank,Wholesale,Credit Card,5.0,1378.37,6891.85,2025-04,2025Q2
ORD10638,2025-05-06,South,Fashion,Backpack,Retail,Cash,34.0,357.04,12139.36,2025-05,2025Q2
ORD10709,2025-12-06,North,Fashion,Running Shoes,Retail,Net Banking,31.0,671.94,20830.14,2025-12,2025Q4
ORD10608,2025-12-03,Central,Beauty,Shampoo 340Ml,Online,Net Banking,27.0,970.58,26205.66,2025-12,2025Q4
ORD11032,2025-11-05,North,Electronics,Usb-C Cable,Wholesale,Net Banking,4.0,2117.92,8471.68,2025-11,2025Q4
ORD11010,2025-09-06,North,Beauty,Sunscreen Spf50,Wholesale,Credit Card,22.0,921.5,20273.0,2025-09,2025Q3
ORD10775,2025-06-06,East,Grocery,Cooking Oil 1L,Online,Debit Card,9.0,364.95,3284.55,2025-06,2025Q2
ORD10001,2025-08-03,Central,Fashion,Running Shoes,Online,Net Banking,2.0,1671.8,3343.6,2025-08,2025Q3
ORD10370,2025-11-03,Central,Fashion,Cotton T-Shirt,Online,Debit Card,11.0,549.83,6048.13,2025-11,2025Q4
ORD10940,2025-03-28,North,Beauty,Face Wash,Retail,Debit Card,6.0,696.24,4177.44,2025-03,2025Q1
ORD11189,2025-01-21,East,Fashion,Cotton T-Shirt,Retail,Net Banking,39.0,671.92,26204.88,2025-01,2025Q1
ORD11112,2025-04-04,South,Home & Kitchen,Non-Stick Pan,Wholesale,Upi,26.0,2768.14,71971.64,2025-04,2025Q2
ORD11067,2025-01-28,East,Grocery,Atta 10Kg,Wholesale,Credit Card,37.0,473.66,17525.42,2025-01,2025Q1
ORD11002,2025-08-12,Central,Fashion,Cotton T-Shirt,Online,Net Banking,31.0,2100.76,65123.56,2025-08,2025Q3
ORD10005,2025-01-21,West,Electronics,Bluetooth Speaker,Retail,Cash,14.0,3791.07,53074.98,2025-01,2025Q1
ORD10198,2025-01-15,East,Home & Kitchen,Storage Rack,Retail,Upi,24.0,1358.17,32596.08,2025-01,2025Q1
ORD10680,2025-08-10,South,Grocery,Cooking Oil 1L,Retail,Net Banking,1.0,372.02,372.02,2025-08,2025Q3
ORD10413,2025-08-03,Central,Fashion,Backpack,Online,Upi,17.0,1516.9,25787.3,2025-08,2025Q3
ORD10664,2025-07-19,East,Home & Kitchen,Electric Kettle,Wholesale,Debit Card,13.0,1807.57,23498.41,2025-07,2025Q3
ORD10768,2025-02-10,North,Fashion,Formal Shirt,Wholesale,Debit Card,2.0,1018.63,2037.26,2025-02,2025Q1
ORD10662,2025-12-30,Central,Grocery,Atta 10Kg,Retail,Cash,19.0,689.59,13102.21,2025-12,2025Q4
ORD10047,2025-12-16,Central,Fashion,Formal Shirt,Wholesale,Cash,30.0,378.03,11340.9,2025-12,2025Q4
ORD10391,2025-10-01,North,Grocery,Basmati Rice 5Kg,Retail,Net Banking,17.0,420.7,7151.9,2025-10,2025Q4
ORD10034,2025-10-04,North,Grocery,Green Tea Pack,Retail,Cash,22.0,326.86,7190.92,2025-10,2025Q4
ORD10572,2025-03-18,South,Electronics,Power Bank,Wholesale,Cash,39.0,4249.59,165734.01,2025-03,2025Q1
ORD10564,2025-03-25,North,Fashion,Backpack,Online,Debit Card,8.0,717.44,5739.52,2025-03,2025Q1
ORD10699,2025-03-09,East,Electronics,Bluetooth Speaker,Wholesale,Net Banking,13.0,1427.17,18553.21,2025-03,2025Q1
ORD11171,2025-04-18,South,Fashion,Denim Jeans,Online,Credit Card,1.0,1174.19,1174.19,2025-04,2025Q2
ORD10693,2025-11-29,West,Fashion,Cotton T-Shirt,Wholesale,Net Banking,7.0,486.21,3403.47,2025-11,2025Q4
ORD10262,2025-09-21,West,Grocery,Cooking Oil 1L,Retail,Net Banking,29.0,658.2,19087.8,2025-09,2025Q3
ORD10964,2025-08-15,East,Grocery,Cooking Oil 1L,Wholesale,Net Banking,28.0,123.06,3445.68,2025-08,2025Q3
ORD10067,2025-05-02,Central,Beauty,Shampoo 340Ml,Online,Debit Card,18.0,1167.08,21007.44,2025-05,2025Q2
ORD11126,2025-06-12,North,Beauty,Hair Serum,Online,Upi,28.0,1160.48,32493.44,2025-06,2025Q2
ORD10139,2025-06-24,West,Home & Kitchen,Electric Kettle,Retail,Credit Card,30.0,1855.06,55651.8,2025-06,2025Q2
ORD10029,2025-10-25,South,Fashion,Formal Shirt,Retail,Cash,2.0,2192.88,4385.76,2025-10,2025Q4
ORD10425,2025-12-06,West,Fashion,Running Shoes,Retail,Credit Card,17.0,984.1,16729.7,2025-12,2025Q4
ORD10038,2025-08-21,North,Beauty,Hair Serum,Wholesale,Net Banking,31.0,1161.8,36015.8,2025-08,2025Q3
ORD10423,2025-08-05,Central,Home & Kitchen,Storage Rack,Online,Net Banking,37.0,2911.72,107733.64,2025-08,2025Q3
ORD10389,2025-12-29,East,Fashion,Denim Jeans,Wholesale,Debit Card,15.0,1226.92,18403.8,2025-12,2025Q4
ORD10639,2025-05-17,East,Home & Kitchen,Led Lamp,Wholesale,Debit Card,21.0,2651.86,55689.06,2025-05,2025Q2
ORD11127,2025-04-28,East,Home & Kitchen,Mixer Grinder,Wholesale,Cash,9.0,1910.52,17194.68,2025-04,2025Q2
ORD11154,2025-04-04,South,Fashion,Running Shoes,Retail,Credit Card,31.0,659.36,20440.16,2025-04,2025Q2
ORD10062,2025-05-31,North,Beauty,Lip Balm,Online,Net Banking,23.0,942.27,21672.21,2025-05,2025Q2
ORD11003,2025-12-29,West,Beauty,Hair Serum,Online,Upi,35.0,1086.66,38033.1,2025-12,2025Q4
ORD10099,2025-02-16,Central,Electronics,Smart Watch,Retail,Credit Card,36.0,3782.94,136185.84,2025-02,2025Q1
ORD10546,2025-12-31,Central,Fashion,Running Shoes,Retail,Upi,35.0,342.61,11991.35,2025-12,2025Q4
ORD10788,2025-02-22,East,Fashion,Backpack,Retail,Debit Card,15.0,1117.66,16764.9,2025-02,2025Q1
ORD11125,2025-09-26,East,Home & Kitchen,Mixer Grinder,Retail,Net Banking,31.0,1088.52,33744.12,2025-09,2025Q3
ORD11048,2025-04-04,East,Home & Kitchen,Storage Rack,Retail,Credit Card,1.0,2501.73,2501.73,2025-04,2025Q2
ORD10991,2025-10-05,East,Fashion,Running Shoes,Retail,Net Banking,27.0,325.68,8793.36,2025-10,2025Q4
ORD10285,2025-11-04,West,Beauty,Sunscreen Spf50,Wholesale,Cash,18.0,649.82,11696.76,2025-11,2025Q4
ORD11162,2025-01-02,East,Home & Kitchen,Led Lamp,Wholesale,Credit Card,13.0,714.5,9288.5,2025-01,2025Q1
ORD11170,2025-08-20,South,Beauty,Lip Balm,Retail,Cash,4.0,703.51,2814.04,2025-08,2025Q3
ORD10912,2025-07-29,South,Home & Kitchen,Led Lamp,Retail,Upi,38.0,599.67,22787.46,2025-07,2025Q3
ORD10170,2025-01-29,Central,Electronics,Usb-C Cable,Retail,Cash,10.0,1139.29,11392.9,2025-01,2025Q1
ORD10598,2025-04-26,North,Beauty,Hair Serum,Wholesale,Net Banking,15.0,1147.39,17210.85,2025-04,2025Q2
ORD10779,2025-11-04,West,Grocery,Spice Combo,Retail,Upi,25.0,433.46,10836.5,2025-11,2025Q4
ORD10064,2025-08-21,North,Fashion,Formal Shirt,Online,Cash,14.0,1585.86,22202.04,2025-08,2025Q3
ORD10981,2025-06-05,West,Beauty,Shampoo 340Ml,Online,Credit Card,20.0,317.12,6342.4,2025-06,2025Q2
ORD11018,2025-08-20,East,Grocery,Spice Combo,Online,Credit Card,19.0,876.94,16661.86,2025-08,2025Q3
ORD10258,2025-02-05,West,Beauty,Face Wash,Online,Upi,8.0,535.3,4282.4,2025-02,2025Q1
ORD10347,2025-12-04,North,Home & Kitchen,Mixer Grinder,Online,Upi,5.0,2496.11,12480.55,2025-12,2025Q4
ORD10320,2025-03-15,South,Beauty,Lip Balm,Wholesale,Credit Card,35.0,608.69,21304.15,2025-03,2025Q1
ORD11001,2025-10-11,North,Grocery,Green Tea Pack,Wholesale,Cash,37.0,383.93,14205.41,2025-10,2025Q4
ORD10380,2025-12-23,North,Beauty,Face Wash,Unknown,Unknown,38.0,656.065,24930.47,2025-12,2025Q4
ORD10559,2025-01-29,West,Home & Kitchen,Non-Stick Pan,Online,Debit Card,7.0,1704.1,11928.7,2025-01,2025Q1
ORD10194,2025-10-12,East,Grocery,Basmati Rice 5Kg,Retail,Upi,39.0,531.08,20712.12,2025-10,2025Q4
ORD10479,2025-11-10,Central,Electronics,Bluetooth Speaker,Online,Cash,24.0,3408.02,81792.48,2025-11,2025Q4
ORD10950,2025-02-08,North,Electronics,Power Bank,Wholesale,Credit Card,13.0,4355.07,56615.91,2025-02,2025Q1
ORD11178,2025-12-19,West,Beauty,Face Wash,Online,Debit Card,38.0,883.08,33557.04,2025-12,2025Q4
ORD10272,2025-01-25,Central,Home & Kitchen,Non-Stick Pan,Wholesale,Upi,36.0,1976.56,71156.16,2025-01,2025Q1
ORD10980,2025-02-22,South,Home & Kitchen,Led Lamp,Wholesale,Cash,25.0,1904.27,47606.75,2025-02,2025Q1
ORD10982,2025-12-26,South,Fashion,Backpack,Wholesale,Debit Card,9.0,1738.16,15643.44,2025-12,2025Q4
ORD10475,2025-07-17,Central,Electronics,Bluetooth Speaker,Wholesale,Upi,17.0,914.17,15540.89,2025-07,2025Q3
ORD10537,2025-11-28,Central,Home & Kitchen,Storage Rack,Online,Debit Card,2.0,1504.61,3009.22,2025-11,2025Q4
ORD10449,2025-03-09,East,Fashion,Formal Shirt,Wholesale,Upi,12.0,793.13,9517.56,2025-03,2025Q1
ORD10828,2025-11-08,South,Grocery,Atta 10Kg,Online,Net Banking,20.0,162.6,3252.0,2025-11,2025Q4
ORD10677,2025-01-08,West,Beauty,Shampoo 340Ml,Wholesale,Cash,27.0,772.41,20855.07,2025-01,2025Q1
ORD10685,2025-07-29,South,Grocery,Spice Combo,Unknown,Cash,31.0,759.98,23559.38,2025-07,2025Q3
ORD10089,2025-09-25,Central,Electronics,Power Bank,Wholesale,Debit Card,17.0,1295.86,22029.62,2025-09,2025Q3
ORD10814,2025-05-31,West,Fashion,Backpack,Online,Net Banking,25.0,316.68,7917.0,2025-05,2025Q2
ORD10104,2025-05-06,North,Grocery,Basmati Rice 5Kg,Retail,Cash,25.0,649.7,16242.5,2025-05,2025Q2
ORD10656,2025-10-10,East,Grocery,Green Tea Pack,Retail,Net Banking,31.0,371.73,11523.63,2025-10,2025Q4
ORD10246,2025-06-05,West,Fashion,Denim Jeans,Wholesale,Credit Card,2.0,817.99,1635.98,2025-06,2025Q2
ORD10097,2025-04-02,Central,Home & Kitchen,Storage Rack,Wholesale,Upi,5.0,1598.02,7990.1,2025-04,2025Q2
ORD11042,2025-06-25,South,Beauty,Shampoo 340Ml,Retail,Cash,36.0,450.13,16204.68,2025-06,2025Q2
ORD10611,2025-09-06,East,Beauty,Lip Balm,Online,Debit Card,35.0,230.64,8072.4,2025-09,2025Q3
ORD10896,2025-09-06,North,Home & Kitchen,Mixer Grinder,Online,Credit Card,4.0,1564.73,6258.92,2025-09,2025Q3
ORD10697,2025-01-25,East,Home & Kitchen,Storage Rack,Wholesale,Cash,18.0,2148.21,38667.78,2025-01,2025Q1
ORD10770,2025-01-25,Central,Beauty,Shampoo 340Ml,Wholesale,Upi,24.0,304.52,7308.48,2025-01,2025Q1
ORD10749,2025-04-23,Central,Beauty,Shampoo 340Ml,Wholesale,Upi,15.0,961.84,14427.6,2025-04,2025Q2
ORD10547,2025-07-06,East,Beauty,Shampoo 340Ml,Wholesale,Cash,35.0,166.53,5828.55,2025-07,2025Q3
ORD11169,2025-01-21,East,Grocery,Cooking Oil 1L,Online,Net Banking,32.0,677.01,21664.32,2025-01,2025Q1
ORD10144,2025-06-14,South,Beauty,Sunscreen Spf50,Online,Upi,23.0,1040.53,23932.19,2025-06,2025Q2
ORD11069,2025-07-07,South,Beauty,Lip Balm,Online,Upi,34.0,995.35,33841.9,2025-07,2025Q3
ORD10599,2025-10-29,North,Electronics,Usb-C Cable,Wholesale,Net Banking,6.0,4138.93,24833.58,2025-10,2025Q4
ORD10791,2025-04-29,West,Home & Kitchen,Led Lamp,Online,Credit Card,10.0,2287.82,22878.2,2025-04,2025Q2
ORD10352,2025-08-07,South,Fashion,Running Shoes,Wholesale,Cash,8.0,544.81,4358.48,2025-08,2025Q3
ORD10120,2025-11-24,North,Fashion,Backpack,Online,Upi,25.0,975.19,24379.75,2025-11,2025Q4
ORD11081,2025-11-27,South,Electronics,Smart Watch,Wholesale,Upi,19.0,3813.89,72463.91,2025-11,2025Q4
ORD10938,2025-09-15,South,Home & Kitchen,Mixer Grinder,Retail,Debit Card,14.0,2329.26,32609.64,2025-09,2025Q3
ORD10451,2025-12-20,East,Electronics,Smart Watch,Retail,Credit Card,34.0,3602.05,122469.7,2025-12,2025Q4
ORD10491,2025-05-04,East,Home & Kitchen,Electric Kettle,Online,Debit Card,29.0,2806.36,81384.44,2025-05,2025Q2
ORD10455,2025-04-01,North,Beauty,Shampoo 340Ml,Retail,Debit Card,13.0,150.46,1955.98,2025-04,2025Q2
ORD10327,2025-08-06,East,Beauty,Face Wash,Online,Upi,21.0,788.95,16567.95,2025-08,2025Q3
ORD10863,2025-06-20,East,Fashion,Denim Jeans,Online,Debit Card,35.0,1850.58,64770.3,2025-06,2025Q2
ORD10790,2025-06-03,North,Beauty,Hair Serum,Online,Credit Card,24.0,925.68,22216.32,2025-06,2025Q2
ORD10474,2025-02-20,North,Grocery,Basmati Rice 5Kg,Online,Credit Card,15.0,677.17,10157.55,2025-02,2025Q1
ORD10485,2025-04-07,West,Beauty,Face Wash,Wholesale,Net Banking,33.0,450.05,14851.65,2025-04,2025Q2
ORD10984,2025-02-08,West,Fashion,Denim Jeans,Online,Debit Card,28.0,1560.63,43697.64,2025-02,2025Q1
ORD10549,2025-12-07,East,Beauty,Sunscreen Spf50,Retail,Cash,29.0,944.57,27392.53,2025-12,2025Q4
ORD10731,2025-03-16,South,Beauty,Shampoo 340Ml,Retail,Debit Card,8.0,1064.81,8518.48,2025-03,2025Q1
ORD10807,2025-11-05,North,Electronics,Bluetooth Speaker,Retail,Credit Card,30.0,1036.36,31090.8,2025-11,2025Q4
ORD10688,2025-06-16,East,Grocery,Atta 10Kg,Online,Upi,9.0,136.4,1227.6,2025-06,2025Q2
ORD10151,2025-08-03,South,Beauty,Shampoo 340Ml,Retail,Credit Card,36.0,673.0,24228.0,2025-08,2025Q3
ORD10942,2025-07-23,North,Home & Kitchen,Storage Rack,Retail,Debit Card,5.0,529.64,2648.2,2025-07,2025Q3
ORD10750,2025-07-01,South,Fashion,Denim Jeans,Wholesale,Cash,3.0,1835.33,5505.99,2025-07,2025Q3
ORD11021,2025-05-07,Central,Home & Kitchen,Non-Stick Pan,Wholesale,Upi,7.0,1633.58,11435.06,2025-05,2025Q2
ORD11100,2025-05-13,Central,Beauty,Face Wash,Retail,Upi,22.0,878.57,19328.54,2025-05,2025Q2
ORD11192,2025-03-30,East,Grocery,Atta 10Kg,Online,Debit Card,18.0,438.96,7901.28,2025-03,2025Q1
ORD10632,2025-05-31,West,Home & Kitchen,Storage Rack,Retail,Net Banking,29.0,1269.44,36813.76,2025-05,2025Q2
ORD10039,2025-04-26,North,Beauty,Hair Serum,Online,Credit Card,25.0,564.43,14110.75,2025-04,2025Q2
ORD11164,2025-04-14,South,Home & Kitchen,Storage Rack,Wholesale,Credit Card,11.0,1135.5,12490.5,2025-04,2025Q2
ORD10216,2025-01-24,West,Grocery,Spice Combo,Wholesale,Cash,24.0,543.77,13050.48,2025-01,2025Q1
ORD10946,2025-01-25,South,Home & Kitchen,Non-Stick Pan,Wholesale,Upi,3.0,2085.47,6256.41,2025-01,2025Q1
ORD10469,2025-11-28,North,Fashion,Formal Shirt,Retail,Net Banking,23.0,1458.3,33540.9,2025-11,2025Q4
ORD10172,2025-06-07,South,Home & Kitchen,Led Lamp,Wholesale,Net Banking,25.0,1120.89,28022.25,2025-06,2025Q2
ORD10876,2025-01-03,East,Beauty,Lip Balm,Retail,Credit Card,11.0,911.59,10027.49,2025-01,2025Q1
ORD10213,2025-12-22,Central,Beauty,Hair Serum,Online,Debit Card,18.0,171.9,3094.2,2025-12,2025Q4
ORD10567,2025-10-29,East,Beauty,Sunscreen Spf50,Wholesale,Upi,1.0,632.56,632.56,2025-10,2025Q4
ORD10284,2025-06-22,East,Grocery,Basmati Rice 5Kg,Retail,Cash,11.0,474.41,5218.51,2025-06,2025Q2
ORD10802,2025-06-29,Central,Beauty,Face Wash,Wholesale,Credit Card,33.0,562.92,18576.36,2025-06,2025Q2
ORD11194,2025-12-08,Central,Home & Kitchen,Mixer Grinder,Online,Upi,31.0,1700.79,52724.49,2025-12,2025Q4
ORD10466,2025-07-08,Central,Grocery,Cooking Oil 1L,Wholesale,Cash,3.0,522.21,1566.63,2025-07,2025Q3
ORD10404,2025-12-03,North,Electronics,Wireless Earbuds,Online,Debit Card,5.0,2688.6,13443.0,2025-12,2025Q4
ORD10206,2025-08-30,South,Grocery,Basmati Rice 5Kg,Retail,Upi,13.0,184.36,2396.68,2025-08,2025Q3
ORD11084,2025-11-11,South,Electronics,Bluetooth Speaker,Retail,Upi,1.0,1561.78,1561.78,2025-11,2025Q4
ORD10233,2025-05-25,West,Home & Kitchen,Non-Stick Pan,Online,Upi,4.0,2158.93,8635.72,2025-05,2025Q2
ORD10036,2025-10-11,West,Electronics,Usb-C Cable,Retail,Debit Card,4.0,889.97,3559.88,2025-10,2025Q4
ORD10673,2025-04-20,South,Electronics,Smart Watch,Online,Net Banking,38.0,2484.92,94426.96,2025-04,2025Q2
ORD11027,2025-03-02,East,Home & Kitchen,Non-Stick Pan,Wholesale,Debit Card,29.0,559.49,16225.21,2025-03,2025Q1
ORD11019,2025-09-29,East,Home & Kitchen,Led Lamp,Online,Upi,12.0,571.08,6852.96,2025-09,2025Q3
ORD10654,2025-08-31,Central,Grocery,Basmati Rice 5Kg,Unknown,Unknown,19.0,445.09000000000003,8456.71,2025-08,2025Q3
ORD11009,2025-05-02,West,Grocery,Green Tea Pack,Unknown,Unknown,38.0,506.12,19232.56,2025-05,2025Q2
ORD10580,2025-09-03,Central,Home & Kitchen,Non-Stick Pan,Wholesale,Net Banking,30.0,1636.79,49103.7,2025-09,2025Q3
ORD10746,2025-04-07,North,Home & Kitchen,Non-Stick Pan,Retail,Cash,4.0,1029.65,4118.6,2025-04,2025Q2
ORD10149,2025-07-28,North,Home & Kitchen,Mixer Grinder,Wholesale,Upi,2.0,2047.04,4094.08,2025-07,2025Q3
ORD10322,2025-08-01,West,Grocery,Cooking Oil 1L,Online,Debit Card,28.0,733.96,20550.88,2025-08,2025Q3
ORD10077,2025-02-16,North,Electronics,Wireless Earbuds,Retail,Debit Card,16.0,3527.27,56436.32,2025-02,2025Q1
ORD10552,2025-09-25,North,Home & Kitchen,Led Lamp,Wholesale,Cash,38.0,1942.21,73803.98,2025-09,2025Q3
ORD10554,2025-05-13,North,Electronics,Smart Watch,Retail,Credit Card,22.0,1377.96,30315.12,2025-05,2025Q2
ORD10101,2025-08-04,South,Home & Kitchen,Storage Rack,Wholesale,Debit Card,7.0,2186.63,15306.41,2025-08,2025Q3
ORD11183,2025-11-05,North,Electronics,Usb-C Cable,Retail,Cash,4.0,3881.71,15526.84,2025-11,2025Q4
ORD11148,2025-02-17,West,Electronics,Wireless Earbuds,Retail,Upi,1.0,2623.29,2623.29,2025-02,2025Q1
ORD10009,2025-07-21,North,Grocery,Atta 10Kg,Wholesale,Net Banking,16.0,702.91,11246.56,2025-07,2025Q3
ORD11153,2025-03-06,North,Electronics,Power Bank,Wholesale,Upi,28.0,3400.61,95217.08,2025-03,2025Q1
ORD11094,2025-07-24,North,Home & Kitchen,Non-Stick Pan,Wholesale,Net Banking,20.0,588.21,11764.2,2025-07,2025Q3
ORD10251,2025-05-01,North,Beauty,Sunscreen Spf50,Wholesale,Debit Card,37.0,467.16,17284.92,2025-05,2025Q2
ORD10917,2025-05-10,West,Beauty,Face Wash,Online,Cash,2.0,405.89,811.78,2025-05,2025Q2
ORD10125,2025-12-31,Central,Grocery,Spice Combo,Retail,Cash,12.0,722.07,8664.84,2025-12,2025Q4
ORD10197,2025-03-25,Central,Fashion,Cotton T-Shirt,Online,Debit Card,1.0,909.41,909.41,2025-03,2025Q1
ORD10929,2025-05-14,South,Home & Kitchen,Electric Kettle,Online,Upi,8.0,2008.74,16069.92,2025-05,2025Q2
ORD10068,2025-01-09,West,Home & Kitchen,Electric Kettle,Retail,Net Banking,38.0,618.68,23509.84,2025-01,2025Q1
ORD10952,2025-11-01,South,Home & Kitchen,Led Lamp,Retail,Cash,16.0,1573.34,25173.44,2025-11,2025Q4
ORD10075,2025-02-27,Central,Grocery,Spice Combo,Retail,Net Banking,16.0,531.61,8505.76,2025-02,2025Q1
ORD10042,2025-01-13,North,Grocery,Cooking Oil 1L,Retail,Cash,1.0,175.33,175.33,2025-01,2025Q1
ORD10944,2025-04-15,South,Fashion,Running Shoes,Online,Net Banking,21.0,949.18,19932.78,2025-04,2025Q2
ORD10536,2025-08-03,South,Fashion,Backpack,Wholesale,Net Banking,22.0,1740.71,38295.62,2025-08,2025Q3
ORD11147,2025-02-28,Central,Grocery,Basmati Rice 5Kg,Unknown,Unknown,19.0,445.09000000000003,8456.71,2025-02,2025Q1
ORD10918,2025-11-29,South,Beauty,Sunscreen Spf50,Wholesale,Debit Card,25.0,940.49,23512.25,2025-11,2025Q4
ORD11106,2025-07-12,North,Home & Kitchen,Mixer Grinder,Retail,Net Banking,15.0,504.18,7562.7,2025-07,2025Q3
ORD10129,2025-04-02,East,Home & Kitchen,Non-Stick Pan,Retail,Upi,22.0,2767.78,60891.16,2025-04,2025Q2
ORD10907,2025-09-27,Central,Grocery,Green Tea Pack,Retail,Credit Card,32.0,853.79,27321.28,2025-09,2025Q3
ORD10778,2025-10-02,North,Electronics,Power Bank,Retail,Debit Card,26.0,2144.04,55745.04,2025-10,2025Q4
ORD11087,2025-11-06,South,Home & Kitchen,Electric Kettle,Wholesale,Upi,19.0,2632.99,50026.81,2025-11,2025Q4
ORD10234,2025-05-27,North,Beauty,Hair Serum,Wholesale,Cash,2.0,1199.38,2398.76,2025-05,2025Q2
ORD10326,2025-05-22,South,Electronics,Usb-C Cable,Retail,Credit Card,5.0,3220.45,16102.25,2025-05,2025Q2
ORD10965,2025-09-24,East,Electronics,Power Bank,Online,Debit Card,37.0,1542.64,57077.68,2025-09,2025Q3
ORD11143,2025-03-15,West,Fashion,Cotton T-Shirt,Online,Credit Card,21.0,1144.51,24034.71,2025-03,2025Q1
ORD10057,2025-03-06,East,Electronics,Bluetooth Speaker,Retail,Net Banking,12.0,1172.88,14074.56,2025-03,2025Q1
ORD10555,2025-03-05,West,Grocery,Basmati Rice 5Kg,Wholesale,Credit Card,17.0,773.15,13143.55,2025-03,2025Q1
ORD10147,2025-01-20,North,Beauty,Hair Serum,Wholesale,Net Banking,35.0,1145.88,40105.8,2025-01,2025Q1
ORD10319,2025-10-29,Central,Home & Kitchen,Mixer Grinder,Retail,Net Banking,20.0,2486.87,49737.4,2025-10,2025Q4
ORD10127,2025-01-11,East,Home & Kitchen,Electric Kettle,Wholesale,Net Banking,18.0,1989.78,35816.04,2025-01,2025Q1
ORD11086,2025-11-27,East,Beauty,Face Wash,Retail,Credit Card,20.0,552.75,11055.0,2025-11,2025Q4
ORD10644,2025-06-20,East,Fashion,Backpack,Online,Credit Card,27.0,1429.06,38584.62,2025-06,2025Q2
ORD10939,2025-10-31,East,Electronics,Usb-C Cable,Wholesale,Credit Card,18.0,2164.28,38957.04,2025-10,2025Q4
ORD10527,2025-12-05,North,Fashion,Denim Jeans,Retail,Debit Card,11.0,443.83,4882.13,2025-12,2025Q4
ORD10901,2025-03-24,East,Electronics,Usb-C Cable,Wholesale,Debit Card,37.0,1161.16,42962.92,2025-03,2025Q1
ORD11055,2025-08-19,North,Grocery,Green Tea Pack,Wholesale,Credit Card,1.0,845.34,845.34,2025-08,2025Q3
ORD10987,2025-09-15,South,Beauty,Face Wash,Wholesale,Cash,8.0,418.45,3347.6,2025-09,2025Q3
ORD10204,2025-12-04,North,Fashion,Backpack,Retail,Cash,38.0,2024.86,76944.68,2025-12,2025Q4
ORD10130,2025-09-14,South,Beauty,Hair Serum,Wholesale,Cash,23.0,1116.88,25688.24,2025-09,2025Q3
ORD10324,2025-07-03,South,Fashion,Formal Shirt,Wholesale,Debit Card,21.0,1311.6,27543.6,2025-07,2025Q3
ORD10622,2025-05-30,East,Fashion,Backpack,Wholesale,Debit Card,9.0,1446.7,13020.3,2025-05,2025Q2
ORD11185,2025-06-10,Central,Electronics,Power Bank,Retail,Credit Card,23.0,2606.75,59955.25,2025-06,2025Q2
ORD10495,2025-03-06,North,Fashion,Denim Jeans,Wholesale,Net Banking,15.0,704.86,10572.9,2025-03,2025Q1
ORD10026,2025-08-28,West,Electronics,Wireless Earbuds,Online,Net Banking,3.0,2986.3,8958.9,2025-08,2025Q3
ORD11099,2025-03-07,North,Grocery,Basmati Rice 5Kg,Wholesale,Upi,34.0,488.61,16612.74,2025-03,2025Q1
ORD10513,2025-02-21,Central,Electronics,Usb-C Cable,Wholesale,Credit Card,39.0,1657.6,64646.4,2025-02,2025Q1
ORD10318,2025-07-17,Central,Electronics,Smart Watch,Online,Net Banking,19.0,1759.4,33428.6,2025-07,2025Q3
ORD10848,2025-08-01,North,Electronics,Usb-C Cable,Wholesale,Debit Card,32.0,3198.7,102358.4,2025-08,2025Q3
ORD10335,2025-03-07,West,Electronics,Smart Watch,Retail,Credit Card,35.0,1190.25,41658.75,2025-03,2025Q1
ORD10618,2025-06-20,South,Beauty,Hair Serum,Retail,Cash,4.0,956.53,3826.12,2025-06,2025Q2
ORD10227,2025-01-20,North,Home & Kitchen,Storage Rack,Unknown,Debit Card,6.0,868.03,5208.18,2025-01,2025Q1
ORD10713,2025-01-19,West,Home & Kitchen,Non-Stick Pan,Retail,Net Banking,35.0,2731.09,95588.15,2025-01,2025Q1
ORD10906,2025-10-24,Central,Fashion,Running Shoes,Wholesale,Cash,12.0,1229.55,14754.6,2025-10,2025Q4
